"fname","lname","add1","add2","city","st","zip"
"Anita","Roberts","36240 Rohan Cliffs",,"East Odessaview","MN","76888"
"Foster","Luettgen","07172 Morissette Ville",,"Effertzton","MD","28159"
"Alvis","Rosenbaum","245 Shields Drive",,"Watsicaview","MO","14111"
"Raymond","Deckow","660 Jayda Flat","Apt. 995","West Ben","SC","42710"
"Kianna","Ankunding","546 Brendon Shores",,"Wizaville","HI","29579"
"Jaren","Zieme","39744 Heathcote Islands","Suite 473","Lauryburgh","MO","89985"
"Francesca","Runolfsson","479 Green Hills",,"North Harmon","VA","15122"
"Katrine","Hegmann","6403 Spencer Isle",,"Augustbury","SD","04976"
"Bethel","Ferry","8103 Willms Course",,"Towneport","NC","65758"
"Lisette","Medhurst","1692 Swift Throughway",,"Rolandobury","MI","72393"
"Chauncey","Dare","649 Homenick Glens",,"West Clairside","NV","38292"
"Shaina","Lakin","8955 Kunde Crest",,"Earnestfurt","WA","53870"
"Derick","Graham","17692 McCullough Ville",,"Chayahaven","SD","44819"
"Amya","Carroll","012 Bernard Harbor","Apt. 454","Lake Elijah","CO","96862"
"Maymie","Cole","172 Jalon Causeway","Apt. 605","North Juanita","WY","04263"
"Alize","Feest","37157 Sven Views","Suite 292","North Cecilia","FL","15775"
"Adaline","Kuhlman","69715 Hailie Mills",,"Beiertown","ND","55312"
"Marie","Denesik","108 Torphy Parkway","Apt. 731","Cruickshankburgh","ID","28460"
"Dock","Kohler","74723 Yesenia Mission",,"South Nikolas","MA","85210"
"Claudia","Kessler","1561 Senger Trail","Suite 114","Eldonbury","PA","74744"
"Marlee","Davis","072 Franecki Corners",,"Lake Betsy","AR","93030"
"Bryce","Auer","45646 Ricardo Manors","Apt. 698","Dominiquestad","NY","80182"
"Meda","Oberbrunner","574 Dicki Isle",,"Florinefort","AK","85888"
"Halie","Wilderman","8500 Samara Pine",,"Gislasonmouth","IL","95492"
"Letitia","Kautzer","65426 Ellsworth Glen",,"Port Cory","SD","75049"
"Roselyn","Bayer","12610 Wiza Route",,"North Londonborough","CT","90641"
"Jessica","Hirthe","2228 Wilkinson Loop",,"Lake Kyle","LA","27122"
"Richard","Hilll","2740 Rylee Valleys",,"Willashire","TX","75822"
"Hazle","Glover","30242 Adaline Mission","Suite 221","South Kelly","IL","08409"
"Anya","Koss","51109 Eric Walks","Suite 080","Emmerichfurt","NH","14646"
"Vada","Gaylord","98581 Satterfield Track",,"New Martina","KY","02211"
"Nicole","Pouros","12642 Stan Mill",,"East Lillianburgh","KS","14573"
"Faustino","Schuster","54088 Ruthe Mall",,"Goyettemouth","NC","25600"
"Melissa","Rice","99372 Daisha Gateway",,"Lindgrenstad","UT","87266"
"Don","Jakubowski","795 Yasmin Rest",,"Mariliemouth","WA","84002"
"Schuyler","Quitzon","232 Schowalter Flat",,"Lake Enosmouth","ND","92626"
"Paul","Weissnat","8719 Cruickshank Village",,"Langworthmouth","LA","07786"
"Jett","Casper","19486 Tremblay Squares",,"West Eileen","VT","37262"
"Tia","Flatley","72170 Kilback Green",,"Sipesville","AZ","31339"
"Cristian","Hagenes","3931 Reichel Lake",,"West Pietro","NC","34122"
"Jimmie","Dare","463 Alicia Lodge","Apt. 282","Batzchester","AZ","42828"
"Verda","Jenkins","01540 Antonia Wall",,"Port Zion","MS","74346"
"Corine","Gibson","54757 Roderick Spring",,"Trompburgh","KS","86344"
"Eve","Ward","11173 Jaskolski Knolls",,"North Abbyside","NC","67865"
"Sean","Kemmer","696 Kihn Grove",,"North Guiseppeland","KS","09119"
"Carolanne","Gorczany","832 Raphaelle Island","Apt. 768","South Korey","NM","10422"
"Chasity","Turner","5611 Considine Mills",,"Schimmelton","WY","77190"
"Cecelia","Harber","51035 Lyda Ramp","Apt. 061","West Enachester","KY","87358"
"Makayla","Boehm","82485 Lonnie Center",,"Greenfurt","CO","06174"
"Kaley","Murray","2340 Mueller Alley",,"Robertofurt","KY","97775"
"Dorothy","Kozey","137 Jedediah Plain",,"New Quinnshire","NM","23955"
"Donald","Russel","046 Schiller Oval","Apt. 089","South Geneshire","VA","27063"
"Destini","O'Reilly","87841 Lourdes Roads",,"South Trentberg","AK","94544"
"Verda","Zboncak","300 Romaguera Pines","Apt. 212","Nanniefurt","IN","83773"
"Kiel","Lehner","63103 Tillman Cliffs",,"Rachaelhaven","VT","02413"
"Felicia","Witting","8776 Paucek Park",,"East Ruthemouth","HI","70632"
"Tristian","Terry","3647 Harvey Ramp","Apt. 470","Newtonhaven","OR","82210"
"Raina","Cartwright","255 Ebert Junction",,"East Shayleeview","WA","00687"
"Russell","Moen","81328 Kiehn Crossroad",,"Darionmouth","NC","74780"
"Melvin","Koelpin","74355 Norris Overpass","Suite 794","Harrisburgh","DE","74857"
"Reid","McDermott","760 Cathrine Club",,"Annettetown","UT","80130"
"Brooke","Olson","638 Will Divide",,"South Adrianhaven","MD","77747"
"Wanda","Morar","11973 Rice Roads","Apt. 355","Streichton","VA","88964"
"Hector","Ullrich","476 Saige Glen",,"Rippinport","NH","29356"
"Lavinia","Krajcik","6804 Prosacco Neck",,"Pagacberg","TN","82477"
"Mohammed","Schowalter","3842 Gussie Mall",,"Lake Aurelia","SC","34943"
"Rafaela","Nolan","85908 McGlynn Port","Apt. 307","North Okeytown","MO","20219"
"Elmer","Hayes","999 Cassin Glens",,"Baumbachbury","CT","10516"
"Devon","Kassulke","478 Hammes Field",,"North Marcel","VT","87485"
"Tillman","Franecki","9025 Vinnie Forge",,"New Adrielmouth","WY","16392"
"Jettie","Jacobs","59395 Austyn Centers","Suite 079","Dickensland","WY","72371"
"Shaina","Prohaska","33673 Parisian View",,"Ernestinaville","HI","77368"
"Arthur","Nicolas","7169 Kirlin Manor",,"East Emelie","ID","74915"
"John","Hansen","714 Glenda Mills",,"Paucekland","MO","05752"
"Arno","Lakin","188 Reggie Mission",,"Maryambury","IA","80171"
"Raymond","Rolfson","570 Treutel Flat",,"East Camrenshire","NJ","49478"
"Ansel","Huels","4148 Ziemann Islands","Apt. 486","East Keegan","HI","08845"
"Gina","Mills","34802 Gideon Knolls",,"West Danial","MO","02400"
"Dawn","O'Kon","40451 Pearlie Trail","Apt. 184","West Greysonburgh","MN","89363"
"Kory","Medhurst","43183 Hills Stream","Apt. 258","Yvonnefurt","MS","14871"
"Jillian","Schaefer","975 Schmidt Square",,"New Meganefurt","ID","59114"
"Kaleigh","Smitham","82366 Scot Pass",,"Hilpertville","AR","08475"
"Orpha","Lindgren","043 McCullough Club",,"West Johnsonport","NH","33135"
"Remington","Rogahn","876 Nitzsche Mews","Suite 868","West Frida","TN","48007"
"Ryan","Wilderman","302 Towne Row","Suite 919","Lake Kiara","AL","51021"
"Danyka","O'Keefe","191 Sim Street",,"Port Gennaro","SC","42174"
"Lucy","Hirthe","06796 Maya Island",,"Lake Alysamouth","SD","36694"
"Jamal","Goodwin","1462 Reanna Ridges",,"Mullermouth","OR","64931"
"Cali","Zulauf","95494 Cassie Row",,"Loganport","OH","35732"
"Eudora","Torp","32176 Haylie Radial","Suite 106","Smithamville","AZ","22657"
"Joanny","Rogahn","367 Allene Fields","Suite 545","New Kamryn","GA","97140"
"Archibald","Farrell","05379 Lou Underpass","Suite 501","Anashire","KS","54889"
"Natalia","Kunde","95405 Sipes Court",,"Eltonstad","WV","55989"
"Libby","Hartmann","70827 Bergnaum View",,"Leannonland","HI","25271"
"Junior","D'Amore","198 Altenwerth Groves",,"New Ceciliaburgh","WI","52280"
"Nelle","Harber","222 Nia Parkways",,"Rolfsonside","WI","43919"
"Shayne","Jacobson","378 Wisozk Hills",,"Bartonhaven","NE","95231"
"Janis","Nolan","29890 Hintz Light",,"South Elroyborough","IL","25666"
"Casimer","Turcotte","1424 Ruthie Place","Suite 079","East Lisandro","IA","41719"
"Augustine","Jaskolski","8793 Benedict Ports",,"Dakotafort","NC","09796"
"Reid","Schroeder","35722 Altenwerth Trail",,"East Lydashire","SC","18177"
"Kayleigh","Bernhard","8566 Jayde Grove",,"New Karleyburgh","NV","89474"
"Melany","Mills","6011 Altenwerth Highway","Suite 707","Port Leilaniport","AZ","95583"
"Lisa","West","4140 Brekke Plain","Apt. 311","East Zeldaberg","OH","06741"
"Prudence","Kutch","86781 Conn Wells","Suite 852","Mantefort","LA","80635"
"Marguerite","Bahringer","320 Kay Canyon","Apt. 404","Littelport","IA","11874"
"Adolph","McCullough","18367 Hettinger Cape",,"New Kristinachester","MO","96212"
"Breanna","Lesch","4203 Heidenreich Flat",,"New Tressashire","AR","77937"
"Janessa","Kemmer","81839 Savion Island",,"Ronnyside","SD","95898"
"Retha","Franecki","52410 McCullough Row",,"North Trystanland","TN","27112"
"Hillary","Sawayn","0452 Borer Corners","Apt. 261","Lake Kobestad","AL","23202"
"Giovanni","Hettinger","78891 Leone Parkways","Apt. 029","Delilahton","NM","37572"
"Americo","Green","4793 Vena Track",,"Port Cleveland","FL","04339"
"Karlee","Hirthe","0510 Letha Junctions",,"Flatleymouth","NE","42251"
"Gunner","Huel","946 Olaf Glens",,"East Everardomouth","NE","90903"
"Furman","Kertzmann","352 Cole Cliff",,"Morarbury","MS","99453"
"Bertrand","Moen","7285 Preston Light",,"South Lailaton","NC","98299"
"Brian","Kiehn","59984 Kihn Land",,"Rohanside","MI","38031"
"Chester","Collier","7150 Betsy Track",,"Jacobiview","WI","23313"
"Velva","Oberbrunner","97834 O'Reilly Well",,"Port Claudeberg","IL","82334"
"Anita","Predovic","595 Johann Crest",,"Brownfort","NE","66613"
"Jacey","Fahey","2010 Bashirian Hill",,"Steuberfort","PA","31350"
"Niko","West","335 Yost Lodge",,"Port Kayleighbury","ME","35876"
"Davonte","Wilderman","802 Grayce Fields",,"Mrazview","ND","30771"
"Rafael","Stiedemann","816 Kane Corners","Suite 273","Axelfort","WY","96197"
"Ofelia","Runolfsson","08988 Johan Forest",,"Presleyfurt","SD","51436"
"Rogers","Parisian","2220 Crist Trafficway",,"Daronview","WA","57513"
"Berenice","Spencer","4287 Zemlak Pines",,"Dachbury","TN","27129"
"Moises","Stamm","1624 Hickle Tunnel","Apt. 296","Konopelskiton","OR","93568"
"Liliana","Lockman","939 Berta Way",,"Leuschkeville","SD","82526"
"Jarrod","Boehm","189 Moriah Brooks",,"South Estrellaville","WV","00364"
"Jett","Corkery","2794 Alene Burgs",,"Calestad","NM","60930"
"Porter","Donnelly","03301 Nicolas Lock",,"South Matilde","DE","43576"
"Jalon","Powlowski","5644 Jasmin Trail",,"New Mariettaview","RI","30064"
"John","Roob","211 Dickens Ramp",,"Quigleyville","NE","65429"
"Maria","Fahey","456 Lorena Common",,"Vickiestad","SC","97453"
"Gustave","Gulgowski","0966 Joaquin Dale",,"West Clairfort","MD","23306"
"Ramona","Schumm","8666 Lang Center",,"Tillmanside","MA","43447"
"Foster","Kihn","5815 Jessy Green","Apt. 466","Lamontburgh","MS","11537"
"Dorthy","Keebler","43983 King Row",,"Toyshire","VT","05840"
"Dino","Muller","21058 Jarret Rest","Suite 362","Port Frederick","CT","11778"
"Tyler","Schoen","2641 Evangeline Knolls",,"Parisianborough","CA","00201"
"Velda","Haag","540 Mills Overpass",,"West Ernesto","IN","45616"
"Mario","Lowe","195 Rebeca Knolls",,"Koreymouth","WV","90346"
"Clovis","Reynolds","0501 Zita Alley","Suite 325","New Elmoreland","IL","77764"
"Stanford","Marks","49117 Merle Course",,"Lake Thalia","MA","81121"
"Enrique","Ward","889 Thiel Run",,"Port Ethel","MD","95601"
"Adella","Hilll","4867 Brooke Spring",,"Shawnmouth","DE","31178"
"Lemuel","Parisian","1581 Noemi Corner",,"Zemlakstad","RI","52947"
"America","Grimes","5617 Wilkinson Ways",,"West Vitoton","DE","00436"
"Antonio","Rohan","84431 Florian Forge",,"Lontown","KY","00963"
"Roselyn","Rogahn","01114 Reuben Villages","Suite 741","Port Fatimaborough","IL","40977"
"Gerson","Erdman","58588 Julio Port","Suite 995","Raynorburgh","WI","33267"
"Zetta","Kreiger","11555 Aniyah Court",,"Lake Mandy","TX","96339"
"Wendell","Tremblay","698 Winston Stream",,"East Louisatown","MD","54163"
"Arturo","Vandervort","21915 Mosciski Roads",,"Lydashire","MO","76150"
"Khalid","Schamberger","6158 Saige Lock",,"Florianchester","TX","59658"
"Angie","Gusikowski","044 Balistreri Ports","Suite 720","Langport","UT","73417"
"Marley","Goldner","59466 Orn Wells",,"Port Marshallberg","TX","28569"
"Nadia","Kshlerin","21105 Janae Roads",,"Henryville","IA","95083"
"Dock","Schowalter","681 Skylar Neck","Suite 537","Kaneport","MD","66538"
"Kassandra","Ledner","32150 Ruthie Court",,"Kerlukeshire","MO","68355"
"Mollie","Hilpert","880 Harvey Cliff","Suite 421","Shanebury","WV","80148"
"Annabelle","Mayert","695 Prohaska Station","Suite 352","West Timothy","MA","42620"
"Karl","Carter","154 Adams Squares",,"East Edgar","MO","90714"
"Gino","Leffler","82936 Lilian Avenue","Suite 873","Guiseppeberg","OK","74647"
"Quinten","Rogahn","0427 Angelo Divide",,"South Emelia","CO","67112"
"Jaquan","Stokes","94182 Kirk Fields",,"East Millieside","MD","81644"
"Gaetano","Jast","721 Janiya Wall",,"West Darenburgh","NC","97225"
"Maymie","Christiansen","9377 Jaunita Alley",,"Port Verlieberg","MA","74051"
"Ahmed","Buckridge","2348 Denesik Wells","Apt. 371","Harrisfurt","NM","70364"
"Jamal","Collier","735 Hermann Place",,"Hermannfurt","WI","15232"
"Oran","Lowe","03829 Sadye Ridges",,"Caesarshire","MA","65464"
"Beverly","Johnson","146 McDermott Extension",,"New Missouriberg","NH","66512"
"Sebastian","Wilkinson","43317 Feil Glen",,"Lake Eleanorabury","VA","21507"
"Vincenza","Hirthe","747 Bins Forks","Apt. 363","Furmanhaven","CA","07438"
"Dan","Zemlak","43599 Lueilwitz Divide",,"Torreyfurt","DE","63300"
"Tabitha","Sauer","6567 Krajcik Roads",,"New Martine","OR","46669"
"Roslyn","Brown","4336 Kling Meadow","Suite 142","Lake Alexandershire","WI","30328"
"Larue","Gutkowski","189 Hansen Stream","Suite 073","South Arianeshire","LA","99303"
"Lela","Upton","76222 Hazel Roads","Apt. 808","Greenholthaven","DE","24449"
"Yasmin","Keeling","77836 Schuster Drives",,"Nikitafurt","MN","87968"
"Gust","Berge","24144 Kozey Locks",,"Port Baylee","ME","21765"
"Jorge","Homenick","56560 Hintz Bypass",,"Port Idella","MO","21316"
"Wyatt","Bartoletti","8020 Feest Shoal","Apt. 355","Oscarmouth","TN","51195"
"Wilma","Waelchi","5492 Gayle Spur",,"Lake Eugenia","KY","14455"
"Freeda","Hackett","52188 Dasia Prairie",,"Metzburgh","IA","76579"
"Prudence","Roberts","9807 Daniella Lodge","Apt. 244","East Johann","MN","87492"
"Heloise","Harvey","1558 Diamond Curve","Suite 242","East Oda","TN","75412"
"Andrew","Waters","6900 Cartwright Forks",,"Lake Aylin","WV","25452"
"Viviane","Grady","93535 Simonis Springs",,"Jessiemouth","MO","13615"
"Aliza","Graham","4881 Lowe Prairie",,"New Suzanne","IA","01758"
"Edmund","Gottlieb","12662 Mortimer Forest",,"North Dockport","WV","47049"
"Bernadine","Barrows","093 Nienow Path",,"Port Katrine","ME","69046"
"Janet","Zulauf","8113 Huels Lodge",,"Charitybury","HI","13398"
"Rebekah","Schaden","12950 Ellen Expressway",,"Lake Conner","CT","46070"
"Ashton","Gerlach","04191 Metz Cove","Suite 381","North Darien","WY","36294"
"Lauren","Brekke","23703 Ignacio Green",,"Lake Julius","LA","68554"
"Clarissa","Hayes","9612 Leta Park",,"Waelchiborough","MI","30455"
"Doug","Daniel","332 Pacocha Walks",,"North Mackland","OH","91505"
"Velma","Torp","44441 Mathilde Alley",,"Lake Courtney","IN","22200"
"Jesus","Hartmann","5738 Dooley Spring",,"Lake Ressie","TN","60991"
"Donato","Rempel","54840 Mathilde Village",,"Ritchiestad","CO","91664"
"Jeff","Schaden","12589 Wisoky Vista","Suite 996","East Nannie","SD","05834"
"Barry","Kihn","90388 King Knolls",,"South Joaquinmouth","FL","48308"
"Briana","Dicki","0955 Federico Mountain",,"Loyfurt","MO","98918"
"Heber","Reynolds","7074 O'Kon Wall",,"East Elsestad","FL","16307"
"Arely","Senger","07135 Brooke Cliffs","Suite 652","Ruthhaven","GA","86398"
"Kenneth","Pacocha","31197 Leonel Summit","Suite 827","West Gabriel","OR","97424"
"Vesta","Bartell","19051 Eileen Shores","Apt. 517","Babytown","WI","18398"
"Rachel","Kerluke","318 Abigayle Pine",,"Strosinview","AR","63935"
"Anissa","Mills","4174 Reece Common",,"Port Savannah","PA","20697"
"Berniece","Lang","0311 Alford Extension",,"Olsonside","SD","62686"
"Hassan","Schuster","4348 Auer Locks",,"Port Rettashire","KS","51334"
"Shaylee","Rodriguez","3511 Larissa Corner",,"New Ines","NM","60781"
"Barbara","Lubowitz","33500 Dustin Cliffs",,"Wittingside","NY","66555"
"Fannie","Farrell","03465 D'Amore Haven",,"Allanfurt","OR","22507"
"Kaitlin","Stracke","331 Sabina Burgs",,"Merlinberg","PA","63795"
"Ezekiel","Howe","58386 Regan Plains",,"Reichelfort","TN","92828"
"Westley","Torphy","401 Eldridge Garden",,"West Vaughnmouth","TX","33178"
"Vince","Schimmel","37370 Reichel Dale",,"West Robert","RI","35896"
"Danny","Mayer","1664 Kub Manors",,"Lake Frederick","ID","55831"
"Daisy","Waelchi","6942 Milo Islands",,"Stehrshire","MT","34657"
"Justen","West","922 Brendan Ways","Suite 289","East Misaelburgh","PA","12871"
"Dorris","Stiedemann","60320 Bennett Corners",,"Brennonchester","LA","06594"
"Lenna","Hessel","535 Princess Knolls",,"South Ralphmouth","MS","79079"
"Marcel","Kris","2686 Tremblay Corner","Suite 143","Ziemechester","NH","07557"
"Tianna","Price","242 Samantha Views","Apt. 585","Christiansenview","KY","54216"
"Georgiana","Krajcik","87589 Rickie Terrace","Suite 412","Floridabury","AR","62701"
"Yvonne","Cormier","64231 Kulas Canyon",,"Maevechester","ME","44741"
"Juanita","O'Hara","57933 Elwyn Extension",,"New Willieview","NJ","19140"
"Mohammed","Quigley","0283 Thompson Rue",,"Ernestoburgh","KS","84168"
"Reyna","Gislason","1178 Enrique Green",,"New Karina","WI","07918"
"Sister","Gutmann","085 Wyman Stream","Suite 617","Brannonland","KY","08723"
"Keagan","Waters","33928 Kaley Crossing","Suite 493","West Conniemouth","OK","97700"
"Alyce","Lang","4693 Runte Inlet",,"Carliechester","NH","72306"
"Gregoria","Turcotte","55148 Mohr Crossroad",,"North Jacqueshaven","HI","12296"
"Jarvis","Hane","034 Milford Inlet",,"New Mohammed","KY","44757"
"Casimir","Pfannerstill","50434 Zemlak Highway",,"McGlynnton","AK","05173"
"Paxton","Tromp","664 Clementina Fort",,"Rutherfordburgh","MI","47086"
"Daren","Pollich","124 Gaylord Dale",,"East Magaliborough","AR","98984"
"Emmett","Mante","691 Elwin Keys","Suite 720","Stiedemannland","OH","85193"
"Devan","Stroman","545 Mya Motorway",,"North Nathan","AR","25911"
"Timothy","Franecki","3189 Brett Roads","Suite 209","Crookschester","MN","80500"
"Lonnie","Fadel","93297 Shanie Mountains",,"Amaniside","WV","39176"
"Clifton","Ferry","31275 Molly Fork","Suite 142","West Palma","NV","93785"
"Shawn","Lueilwitz","596 Alia Corner","Suite 809","New Meredithmouth","GA","51747"
"Kyra","Feest","0272 Rolfson Villages",,"Koeppmouth","MO","71975"
"Gus","Leuschke","86680 Floy Land",,"Demarcohaven","HI","97473"
"Angelo","Nienow","315 Schamberger Tunnel",,"North Gregory","AR","40839"
"Elwyn","Jerde","09377 Dooley Ville",,"North Jaydonmouth","NM","98915"
"Onie","Wehner","226 Farrell Isle",,"Lake Kayden","TN","12256"
"Brennan","Skiles","6635 Jessica Lane",,"Bodeport","KS","71035"
"Julie","Runte","9747 Halvorson Lock",,"Joesphmouth","ND","39249"
"Veronica","Crist","63152 Sherwood Junctions",,"West Marianne","NC","01745"
"Taurean","Ondricka","63191 Karen Row",,"North Nickolasborough","IL","42811"
"Austyn","Rippin","24924 Okuneva Overpass",,"Joannybury","AZ","81716"
"Howell","Zemlak","1601 Hanna Parkway",,"Lake Madisyn","KS","61441"
"Winnifred","Jaskolski","75046 Therese Run","Suite 895","Port Amelyshire","CT","36804"
"Brendon","Rosenbaum","1708 Maximus Greens",,"Hahnberg","AL","46248"
"Betty","Cremin","7761 Stanton Park","Apt. 934","Port Araceli","ME","62941"
"Russel","Considine","42909 Huel Circle",,"West Aliyaview","AZ","21498"
"Mossie","Bergnaum","399 Carey Drives",,"Jenkinsside","SD","42025"
"Nya","Lueilwitz","0767 Leffler Curve",,"Hansenmouth","VT","61974"
"Laury","Ullrich","656 Norene Via",,"East Tatumfort","TN","30274"
"Darlene","Little","106 Jacinthe Wells","Apt. 840","North Daphneyburgh","WY","01656"
"Owen","Kunde","811 Lavada View",,"Lake Brayanview","IA","33173"
"Bert","Hoppe","0506 Wisozk Branch","Suite 646","Ritchieview","IL","39042"
"Marty","Feest","5903 Cecile Plains","Apt. 516","South Saul","NJ","34031"
"Barbara","Torphy","645 Laury Inlet","Suite 349","Quitzonside","DE","97806"
"Darrion","Weissnat","60962 Emmerich Trail",,"Port Bernita","CO","57787"
"Coleman","Kuvalis","607 Lilian Mill",,"Torphyfort","ME","70716"
"Sean","Ferry","67035 Katherine Land",,"New Jordonstad","WA","91551"
"Clair","Witting","29592 Huel Shore",,"New Camilabury","UT","97326"
"Luis","Ullrich","2865 Waters Common",,"Hilariomouth","FL","54523"
"Joy","Anderson","54104 Kristian Well","Apt. 780","Corineview","WA","98578"
"Thelma","Morar","1057 Francisca Divide",,"Cartwrightstad","OK","41732"
"Kristofer","Langworth","6609 Bergnaum Land",,"Ullrichville","GA","86472"
"Madelyn","Torp","48447 Towne Junction",,"Lake Vanborough","CT","67079"
"Dolores","Prosacco","9522 Pouros Vista",,"Daughertyfort","TN","25158"
"Herminia","Cummerata","5976 Keebler Extensions",,"North Modesta","MI","32788"
"Crystel","McKenzie","246 Larson Brooks",,"South Cristopher","OH","60720"
"Jonas","Thompson","198 Crona Lane",,"Lake Caitlyn","RI","76430"
"Kristina","Ankunding","18173 Abshire Circles",,"North Travonbury","MI","51696"
"Tracy","Lynch","023 Breitenberg Wall",,"Rutherfordview","FL","94498"
"Osbaldo","Hauck","717 Kelli Burg",,"West Reid","WV","86846"
"Hollis","Murphy","66411 Cremin Island","Suite 135","South Antonettaberg","WI","65770"
"Don","Baumbach","1115 Hilpert Shores","Suite 889","Lake Tabithaview","CA","79882"
"Effie","Koch","0985 Dickinson Fords","Suite 800","Roseview","MA","93602"
"Chesley","Rippin","46700 Gutmann Track",,"Angelafurt","MD","45179"
"Virginia","Kovacek","1280 Halvorson Bridge",,"New Emilyside","WI","01420"
"Malika","Littel","1880 Hamill Course",,"Treutelview","RI","23262"
"Marquise","Keebler","9735 Jazmyn Ridge",,"Gorczanyside","PA","35982"
"Sienna","Green","831 Maggio Summit",,"Windlertown","NY","63376"
"Robin","Balistreri","30574 Soledad Freeway","Suite 961","Wisokyside","IA","33622"
"Anais","Jacobi","94006 Lynch Forges",,"South Orville","VT","82019"
"Khalid","Casper","363 Tamia Gardens",,"Port Asafurt","VT","03576"
"Marilyne","Wehner","1175 Dibbert Wall",,"Lake Maeve","OH","82549"
"Brando","Becker","1437 Schoen Rapids",,"Liahaven","LA","84468"
"Curt","Bruen","0179 Rosenbaum Mall",,"New Consuelo","OH","79398"
"Dwight","Walsh","1107 Metz Skyway",,"Sawaynfort","UT","94817"
"Alison","Larkin","052 Ruben Passage",,"Grimesfort","GA","19109"
"Louvenia","Hirthe","50264 Crist Flats","Suite 358","Port Cecil","VT","62496"
"Irwin","Schaden","97504 Cummerata Islands",,"North Leoneport","OK","61513"
"Lexi","Toy","740 Marks Points",,"Lazaroton","AR","70695"
"Mariano","O'Reilly","953 Hammes Junctions",,"East Julianaview","TX","09656"
"Dora","Fritsch","6320 Grimes Hill",,"Javierton","MT","44621"
"Gregorio","Gutkowski","449 Selina Lakes",,"Lake Penelopeton","IL","35807"
"Wilmer","Waters","009 Jillian Greens","Suite 372","Walkermouth","OH","01424"
"Emile","Ortiz","75992 Mraz Cape",,"Wisozkville","ID","26777"
"Clare","Borer","4529 Jakayla Creek",,"Efrenmouth","AL","63273"
"Toney","Ernser","674 Myles Turnpike","Apt. 664","New Rextown","MI","19727"
"Emil","Ritchie","791 Hank Loaf",,"Peggieside","GA","40317"
"Mark","Friesen","079 Lubowitz Mill","Apt. 384","South Amosberg","SD","76922"
"Stanley","Parisian","74139 Denis Landing",,"South Malinda","AK","53610"
"Kelsie","DuBuque","4182 Ziemann Isle",,"South Arnoldport","PA","92574"
"Jorge","Halvorson","7394 Volkman Ville",,"Jeanport","ME","88847"
"Rosina","Beier","3258 Keebler Cliff",,"Lake Chloestad","MS","21665"
"Ewald","Gutmann","781 Moore Ports",,"Hermannmouth","MN","24999"
"Earnest","Herman","604 Clyde Fields",,"New Oma","WY","97453"
"Maybell","Nolan","1325 Skiles Creek","Suite 121","New Berry","NC","47211"
"Rolando","Price","9295 Rice Ranch",,"Kohlermouth","IL","75398"
"Icie","Sporer","933 Crona Mall",,"North Lukas","PA","77271"
"Jacquelyn","Botsford","86318 Gislason Mission",,"Lindborough","IL","26496"
"Blanche","Haag","83906 Toy Ways","Suite 635","Erwinborough","CO","96160"
"Ressie","Adams","4680 Anita Valley","Suite 673","Lake Rafaelatown","NM","64790"
"Warren","Kunde","618 Stuart Ports","Suite 436","Stiedemannburgh","NE","35505"
"Sherman","Runte","20767 Rodger View",,"Bayleestad","ME","70344"
"Mallie","Batz","5213 Beau Mount",,"Spencerfurt","VA","67567"
"Leone","Douglas","19403 Murray Groves",,"Joaquinberg","OK","88950"
"Hilario","Simonis","1889 Amelie Avenue","Suite 792","O'Haraburgh","WA","69067"
"Louisa","Ziemann","558 Aracely Cliff",,"South Neha","GA","99156"
"Oceane","Ledner","08967 Jovan Island","Suite 048","Boehmtown","LA","80781"
"Bennett","Hudson","093 Rogahn Canyon",,"North Domenickchester","MN","48350"
"Lavada","Cartwright","89250 McKenzie Lodge",,"New Morton","MA","51901"
"Marietta","Howe","9156 Ines Plains",,"West Jeremy","NC","04579"
"Quinn","Hegmann","72758 DuBuque Extension",,"Port Jeraldland","IN","79138"
"Bradford","Mueller","46899 Lesch Roads","Suite 650","North Summer","IL","17420"
"Amber","Rutherford","12624 Hayes Lock","Apt. 764","Ziemannchester","TX","77439"
"Lois","Pacocha","774 Heidenreich Hills","Suite 645","North Khalil","OK","78579"
"Taurean","Fritsch","75924 Labadie Ranch","Apt. 991","New Alene","SD","94734"
"Milan","Torphy","132 Gislason Harbors","Suite 962","Kennithfurt","NY","25939"
"Madisen","Bahringer","664 Stanton Cliff",,"Jacobsmouth","NH","20521"
"Emmie","Ledner","2875 Moore Stream","Suite 825","Port Myra","MD","31493"
"Bernadette","Murray","441 Keebler Alley","Apt. 498","Stokeschester","ME","15059"
"Florida","Anderson","851 Garth Camp",,"Goldnershire","HI","81403"
"Shanon","Swift","579 Gislason Road",,"Lake Nashhaven","GA","39745"
"Vidal","Zboncak","720 Pouros Springs","Apt. 959","Sawaynfort","KY","15996"
"Arturo","Runolfsdottir","0598 Jess Trace",,"South Dion","OH","30393"
"Misael","Koelpin","6046 Domenico Lane","Suite 067","North Tanyastad","NC","82530"
"Rashawn","Schmitt","102 Kovacek Corners","Apt. 051","Wizaville","NJ","72776"
"Don","McLaughlin","016 Emory Squares",,"Lake Ayden","ID","51930"
"Richard","Jacobi","48238 Weissnat Drives",,"Port Wilbertstad","IL","82200"
"Kristofer","Dickinson","2489 Bergstrom Pines",,"Sanfordtown","WI","71826"
"Petra","Labadie","23049 Reichert Coves","Suite 992","Lake Kaden","MT","20928"
"Reginald","Schroeder","6741 Koss Club",,"East Jaylen","ME","68195"
"Jasper","Haag","0732 Roberto Pines",,"Florinehaven","SD","75688"
"Jairo","Sauer","3735 Kraig Branch","Apt. 810","Port Elisa","RI","28194"
"Margot","Goldner","5392 Flatley Mall",,"North Edwinastad","MS","88473"
"Benny","Hamill","660 Schowalter Flats",,"New Richmond","SD","60403"
"Charity","Larson","0186 Beer Corners",,"Denesikhaven","NJ","43763"
"Johnathon","Becker","288 Garfield Streets",,"Rockytown","TX","00911"
"Dario","Considine","92858 Friedrich Heights",,"Dickensland","VT","61791"
"Darren","Becker","411 Willms Motorway",,"West Demarcus","WY","69041"
"Moriah","Block","5789 Frances Springs",,"Keelingburgh","RI","41564"
"Trudie","Wilderman","40364 Tod Camp","Suite 484","North Muhammadview","MI","81222"
"Ashtyn","McCullough","844 Cummings Isle",,"Lake Madilyn","DE","85232"
"Camilla","Stoltenberg","4109 Senger Manors",,"Port Estefania","TN","45867"
"Kiley","Russel","1179 Rebekah Ranch",,"Port Meggieport","MS","02180"
"Rosamond","Kassulke","40531 Bogan Vista",,"Port Effie","VT","41828"
"Josiane","Waelchi","7633 Bertram Cliffs","Apt. 957","Port Stephanie","HI","92466"
"Marlee","Bins","272 Jefferey Divide",,"South Normaburgh","PA","58759"
"Camila","Eichmann","146 Lela Ferry",,"Hirthemouth","NC","63522"
"Louie","Mueller","155 Simonis Park",,"Reynoldhaven","WI","16665"
"Lindsey","Kemmer","6363 Sauer Grove",,"Goldnerstad","WI","44273"
"Waylon","Wilkinson","015 Schinner Forges",,"Ashtonfurt","MD","02278"
"Pamela","Torphy","3195 Blick Mountain",,"Arachester","IA","08725"
"Arnold","Champlin","280 Reichel Vista",,"Prohaskafurt","NJ","86220"
"Asha","Emmerich","947 Eugenia Mount","Suite 631","New Arnold","HI","39093"
"Caroline","Kub","48612 Hillard Pike",,"Lake Cara","TX","87455"
"Lowell","Lueilwitz","9220 Eric Village",,"Macejkovicville","SC","03250"
"Kamron","Zieme","606 Kallie Lakes",,"Cheyennefort","PA","52981"
"Jannie","Kassulke","4344 Hegmann Passage","Apt. 357","Port Andrew","CT","85135"
"Carli","Corkery","094 McGlynn Cove","Apt. 775","Kristown","KY","79500"
"Alisa","O'Kon","4365 Hammes Underpass",,"East Junius","CO","63468"
"Samanta","Mills","037 Gavin Motorway",,"Port Haylie","WA","18840"
"Kristoffer","Volkman","5892 Roxane Parkways",,"Kuhnshire","AL","46582"
"Dixie","Gerlach","1474 Boehm Crescent","Apt. 420","North Mayehaven","CO","06253"
"Sven","Becker","563 Georgiana Land",,"Schmidtton","OK","63233"
"Reuben","Howe","09245 Leannon Place",,"Kulasfort","CA","30748"
"Enrico","Anderson","5026 Aufderhar Knoll",,"Donnieview","VT","87027"
"Griffin","Jaskolski","648 Daugherty Rest",,"West Jackeline","GA","73353"
"Blair","Altenwerth","7076 Pearlie Shoals",,"Buckridgeview","AZ","37527"
"Buck","Block","7385 Pouros Stream",,"Kileyborough","ID","44359"
"Heather","Larson","1270 Marks Union",,"East Betty","FL","68444"
"Katlyn","Olson","149 Coy Courts",,"South Judsonborough","WI","21630"
"Dillan","Larkin","869 Heloise Walk",,"Neomaton","PA","76746"
"Alisa","Quitzon","984 Birdie Walk",,"Port Aryanna","NH","71150"
"Hobart","Rutherford","908 Blanda Hill","Apt. 707","Lake Judge","NJ","36022"
"Vernice","Hagenes","5871 Kaylah Point",,"East Providenci","TX","34389"
"Lexi","Denesik","6114 Geovanni Stream",,"Reynaton","CA","07787"
"Jovany","Farrell","88704 Harris Forks",,"Lake Fridachester","SC","98084"
"Cindy","Crooks","33716 Powlowski Well",,"Antonettefort","MA","53943"
"Shana","Funk","930 Burnice Vista",,"Schaeferville","MI","20452"
"Marcellus","Koss","62140 Delaney Parks",,"North Dina","PA","27246"
"Ervin","Wuckert","205 Mills Way",,"Floydland","IA","09723"
"Lucas","Corkery","879 Greenholt Mountain","Apt. 774","Denesikfurt","NE","12209"
"Don","Bashirian","01336 Shanahan Point",,"South Henri","CT","10613"
"Bernita","Champlin","9813 Hickle Route","Apt. 224","West Eva","NM","91082"
"Vilma","Casper","2618 Nora Forest",,"Morganland","WY","08537"
"Elody","Monahan","205 Ellie Motorway",,"Gradyland","NH","89507"
"Luna","O'Connell","2277 Satterfield Shores","Suite 975","Lake Camdenfort","TN","24707"
"Cale","Cruickshank","0930 Damaris Alley",,"North Kennithmouth","TN","35167"
"Ruth","Kling","357 Koch Plains",,"Bruenport","FL","88303"
"Waylon","Crist","785 Rigoberto Hollow",,"Cummerataberg","AR","11152"
"Herman","Raynor","337 Arch Point",,"Noemibury","MA","68315"
"Roman","Conn","595 Bergstrom Lane",,"East Arjunbury","FL","61238"
"Edward","Lowe","192 Nelson Well","Suite 852","Obieberg","PA","18578"
"Mathilde","Macejkovic","6350 Katelin Flats","Apt. 506","Port Robertchester","GA","77133"
"Jolie","Heaney","8436 Jonathon Branch","Apt. 776","Meggieton","ME","05974"
"Joy","Schmeler","97635 Nader Lakes",,"Wunschchester","MI","70414"
"Sedrick","Daniel","3111 Blick Squares",,"Pfefferstad","NC","02452"
"Braeden","Leffler","0821 Chandler Junctions",,"Gislasonshire","OH","73884"
"Anita","Mayer","64524 Considine Ports",,"Arjunchester","OR","71084"
"Albina","Feil","8450 Koelpin Run",,"MacGyvermouth","AZ","02482"
"Celestine","Purdy","875 Tromp Isle",,"Arlieton","MN","69512"
"Gino","Okuneva","0507 Dach Mission",,"Roweville","WA","18335"
"Wendell","Williamson","75151 Cory Village","Apt. 286","Jacobihaven","WY","07047"
"Godfrey","Casper","7105 Graham Vista","Suite 137","North Travisside","KY","63448"
"Milford","Zieme","7388 Mertz Way",,"Lake Letha","TX","12192"
"Isabelle","Sanford","824 Mallie Street","Suite 731","Gilbertomouth","DE","25120"
"Esteban","Spinka","604 Turcotte Pike",,"Friedrichstad","NJ","09136"
"Johann","Bayer","93271 Bianka Creek",,"Lake Mikel","MT","11628"
"Jerad","Ferry","604 Harber Corner","Suite 697","Sarahberg","NJ","88364"
"Elroy","Reinger","1441 Travon Knolls",,"South Timmothyland","OR","43100"
"Maryam","Gutkowski","3574 Windler Pike",,"Hellerberg","TN","46723"
"Lisandro","Hansen","0405 Hellen Mission",,"Beerville","MO","85198"
"Lacy","Reichert","662 Sipes Squares","Apt. 493","Parisland","AR","67986"
"Name","Blick","81847 Orie Drives",,"Romagueratown","OH","11011"
"Jackeline","Jakubowski","013 Blanda Estate",,"Susanland","ME","28023"
"Tyrell","Corwin","4506 Antonia Well",,"Langworthmouth","AK","68805"
"Easton","Wehner","53873 Williamson Station",,"Lake Jett","UT","17764"
"Travon","Lindgren","4873 Schaefer Hill",,"New Percival","IA","45150"
"Celestino","Hand","90527 Nelle Junction","Apt. 680","South Ivorymouth","LA","97404"
"Nicolas","Abernathy","3326 Talia Crossroad",,"West Raina","PA","19629"
"Alisa","Ruecker","99850 Kailey Parks",,"Lake Juniorside","NM","38417"
"Muhammad","Thompson","78419 Olen Trace",,"Powlowskiland","MD","16279"
"Consuelo","Little","4853 Ashlynn Park","Apt. 204","South Darryl","MS","62402"
"Emerald","Auer","3318 Kunze Greens",,"East Perry","RI","69627"
"Alexandria","Schowalter","9965 Homenick Oval",,"Borerhaven","UT","68169"
"Santina","Kuhn","26863 Welch Club",,"Vickystad","FL","92288"
"Abagail","Rau","107 Pasquale Trail","Suite 213","Adamsside","MO","56413"
"Mercedes","Gulgowski","993 Keaton Forest",,"Friesenfurt","CT","36940"
"Myles","Goyette","31725 Maybelle Locks",,"South Destini","NC","44652"
"Ava","Dietrich","54860 Arianna Trafficway","Suite 104","South Marisolfurt","OK","48811"
"Leif","Mitchell","739 Nader Coves","Suite 361","Myrticeshire","MN","21387"
"Savion","Kling","37237 Payton Loaf",,"East Afton","AL","56810"
"Lora","Schulist","4089 Amy Street",,"West Odessastad","IN","50762"
"Jeffry","Zboncak","73271 Else Bridge",,"South Kenyonberg","MS","68229"
"Lexie","Bauch","968 Gislason View",,"West Kathleen","KY","03182"
"Roslyn","Mayer","805 Kuhic Highway",,"West Olafberg","RI","00303"
"Cornell","Tremblay","918 Runte Course",,"Swaniawskiland","OK","91563"
"Hazle","Sauer","125 Hudson Glens",,"Quigleybury","CO","79819"
"Thurman","Wunsch","8372 Zulauf Circle",,"West Clifford","OH","21955"
"Kyler","Bergnaum","1217 Trace Key",,"Lake Kathlynfurt","NE","53456"
"Loyal","Jast","61058 Stark Via",,"Marianamouth","DE","51792"
"Dolly","Christiansen","08812 Jordane Dam",,"East Eusebio","AL","56149"
"Rebecca","Trantow","993 Ward Rapids","Apt. 611","South Lenore","MO","41027"
"Dejon","Hand","766 Klocko Divide",,"Kochburgh","OK","08655"
"Micaela","Lang","0921 Ebony Keys",,"New Leoniehaven","WA","67628"
"Carleton","Mueller","440 Stuart Run","Apt. 296","South Denismouth","ID","19716"
"Simone","Gusikowski","37930 Lynch Point",,"East Enoch","OK","09016"
"Clemmie","Hermann","9300 Mills Stravenue",,"Williamsonburgh","OK","86698"
"Annabell","Kiehn","69052 Medhurst Oval",,"O'Connellland","SD","07446"
"Cleta","Blanda","014 Telly Vista","Apt. 964","West Unique","NY","88359"
"Abby","Mraz","4819 Welch Mission","Suite 613","Nicholeview","MO","75971"
"Carlie","Casper","964 Clement Summit",,"Kovacekmouth","CT","15270"
"Diego","Cole","2663 Langosh Port","Apt. 731","O'Keefeberg","KY","13119"
"Stacy","Rolfson","045 Autumn Isle","Apt. 757","North Eleanore","MA","47129"
"Raheem","Goldner","80131 Moen Canyon",,"East Novellamouth","UT","50427"
"Demarco","Harber","0690 Anderson Keys","Suite 985","East Colby","SD","40554"
"Mikel","Block","6576 Stefanie Stream",,"New Roseshire","MO","29549"
"Alexandro","Bartell","895 Burdette Field","Apt. 162","Pollichview","OR","09940"
"Helmer","Cummings","8588 Creola Gardens",,"West Bradfurt","NH","54142"
"Lizzie","Cole","48409 Gussie Lock",,"Port Esther","MO","27874"
"Ulices","Aufderhar","6691 Coby Mountain","Apt. 041","Stantonhaven","NE","94781"
"Taya","Gutmann","580 Mertz Forest",,"Port Clarissa","ND","41603"
"Warren","Connelly","41120 Schultz Mill","Suite 480","Port Sabryna","NE","15953"
"Johnson","Frami","82746 Hosea Village",,"West Astridtown","GA","31291"
"Jarod","Bechtelar","7066 O'Keefe Trafficway",,"North Ivy","CA","55732"
"Abagail","Upton","27274 Francisca Mission",,"West Presleytown","MA","01140"
"Kelli","Lind","69707 Candelario Mountains",,"Kingchester","IL","52358"
"Brock","Krajcik","47533 Nicholas Parkway",,"South Gloriaberg","SD","41333"
"Arnaldo","Miller","7299 Herman Greens",,"Zanderport","CA","58627"
"Raheem","DuBuque","4756 Collier Trail",,"West Jewelhaven","ME","62610"
"Sydney","Bahringer","8417 Keeling Tunnel",,"Gerholdberg","DE","47579"
"Giovani","Strosin","76777 Paula Road","Apt. 662","Volkmanshire","UT","96615"
"Flavie","Goodwin","27556 Josh Gateway",,"South Sedrick","LA","92033"
"Melody","Pagac","5460 Reinhold Divide",,"West Theron","HI","96049"
"Jarrett","Wyman","37755 Raven Motorway",,"West Maviston","FL","86065"
"Geo","Emmerich","27358 Boyle Union","Apt. 573","Wunschmouth","IL","97308"
"Desiree","Schmitt","43656 Orval Cove",,"O'Keefefurt","MS","10414"
"Assunta","Mohr","7013 Garry Stravenue",,"Coltchester","OR","94053"
"Royal","Schmitt","80573 Audrey Glens","Suite 387","South Marley","IL","56853"
"Dave","Larson","3704 Aubree Junction",,"Cormierville","WI","05996"
"Johan","Gottlieb","29317 Veum Light",,"Adamsberg","TX","89749"
"Neoma","Denesik","33269 Edna Estate",,"North Ethantown","CT","94439"
"Leola","Dickens","346 Stephon Bypass",,"New Millie","OR","09505"
"Opal","Reynolds","74466 Witting Extension",,"New Lonnieborough","OK","56257"
"Thad","Leannon","97208 Littel Forges",,"Estellshire","OK","16019"
"Johnnie","Gleason","59131 Douglas Trail",,"Ricefort","DE","07150"
"Ryley","Braun","5789 Dayton Spurs",,"Lake Cleorachester","MI","13250"
"Emma","Kreiger","926 Bogan Turnpike","Apt. 613","Lilyton","OR","75749"
"Missouri","Grimes","3080 Jada Park",,"West Lianaside","MS","56916"
"Delfina","Morar","202 Alysha Oval","Apt. 252","Lake Janisbury","CO","05538"
"Dayna","Mitchell","981 Roxane Ford","Apt. 535","Kristinastad","SD","92584"
"Estrella","Eichmann","95507 Kutch Rapid","Apt. 483","West Gustton","NC","38577"
"Ivory","Baumbach","348 Giovanni Club",,"New Dorthyburgh","TN","00977"
"Alanna","Jacobson","217 Marcos Ramp","Apt. 946","South Tristinmouth","TN","81889"
"Mark","Pagac","2275 Roberts Point","Apt. 494","Rosendohaven","WA","96406"
"Janae","Quitzon","932 Schamberger Lights","Suite 414","Port Violetland","VA","08876"
"Kayden","Harber","2519 Wisoky Lodge",,"East Ilenechester","NJ","87490"
"Grant","Leffler","2801 Rohan Cliff",,"Thompsonstad","MT","12935"
"Karina","Hettinger","151 Purdy Locks",,"Paulashire","UT","12745"
"Darrel","Pfannerstill","82191 Cortez Vista",,"North Samsonland","TX","55088"
"Kory","Thiel","79440 Rath Trafficway",,"North Germaine","AZ","66523"
"Richie","Reilly","29299 Lonnie Ramp",,"Port Raphaelborough","SD","52637"
"Kyla","Harris","34583 Watsica Crest",,"New Carolyne","IL","91274"
"Dustin","Swift","906 McGlynn Lane",,"Averyburgh","IL","76853"
"Horacio","Emmerich","52144 Ed Lock","Suite 672","Darrellmouth","HI","97923"
"Georgianna","Kirlin","7983 Remington Square",,"Kassulkeburgh","AR","69956"
"Matt","Torp","0066 Johnston Ramp",,"North Kadenberg","TX","99402"
"Walter","Parker","9160 Kulas Haven",,"Bergnaumside","PA","58992"
"Otilia","Schroeder","22081 Breitenberg Underpass",,"Friesenberg","CA","92459"
"Nova","Renner","5187 Buford Harbor","Suite 947","South Vernon","MD","83610"
"Desmond","Daugherty","7429 Monroe Drive",,"Port Stephanie","WY","04605"
"Keyon","Windler","24187 Nitzsche Shoal","Apt. 725","Blockstad","CO","00919"
"Emmanuel","Dickens","5574 Thad Haven","Apt. 863","Corenehaven","SC","14330"
"Amir","Quitzon","17918 Zoey Walk",,"Steuberton","MI","67631"
"Cristobal","Russel","199 Maegan Points",,"Tamaratown","IN","88101"
"Erik","Hodkiewicz","9927 Walsh Station",,"South Monserrat","IL","19462"
"Lemuel","Zboncak","12630 Pollich Trafficway",,"New Darryl","KY","60676"
"Candelario","Goyette","1027 Sipes Trail","Suite 712","Jacintochester","CO","38245"
"Franz","Green","34299 Pinkie Road",,"North Hulda","MI","69352"
"Elvie","Murphy","940 Rosella Tunnel",,"Lake Jeremy","NV","77937"
"Lionel","Cole","5912 Hayes Groves",,"Stiedemannshire","WV","90964"
"Dejon","Abshire","78592 Lorine Lane",,"West Piercechester","KY","79644"
"Zora","Koelpin","048 Hiram Forks",,"North Catherine","WY","76912"
"Gideon","Treutel","856 Kiera Common",,"Terrymouth","UT","34056"
"Ladarius","Streich","35076 Glover Squares",,"Gersonfort","NE","33000"
"Theresia","Jacobson","07234 Monique Harbors",,"Albertobury","KY","58105"
"Brayan","Jacobson","5292 Kihn Loop",,"Jodytown","MO","26444"
"Ford","Hane","9329 Konopelski Shoals",,"Walterville","MO","33436"
"Elmore","Smith","044 Zboncak Mill","Suite 178","Jeremieville","LA","23497"
"Janet","Raynor","6191 Evie Curve",,"Eleonoreberg","FL","60700"
"Domenic","Skiles","38850 Boyer Square",,"New Christine","ND","10592"
"Domenica","Wuckert","19960 Juliana Pines",,"Farrellborough","AR","15485"
"Frieda","Funk","372 Ivory Greens",,"New Alf","MT","78716"
"Samara","Bashirian","262 Lexie Rapids",,"Schoentown","WY","60801"
"Jerod","Corkery","28147 O'Keefe Skyway",,"Grimesport","VA","84861"
"Hallie","Morar","40703 Ocie Trafficway",,"O'Haraberg","NY","03687"
"Deon","Reilly","4633 Glover Forge",,"Veumstad","ME","74856"
"Aleen","Brakus","25161 Bernhard Via",,"South Audreanne","OH","00746"
"Ewald","Kassulke","367 Medhurst Shoal","Apt. 821","Hammesland","FL","77422"
"Janiya","Ziemann","67236 Gina Mall",,"West Willie","MO","69442"
"Zelda","Schuppe","653 Whitney Wall","Apt. 040","Antwanshire","DE","61919"
"Raven","Kreiger","098 Braulio Court",,"Port Hattieville","SC","69992"
"Gwendolyn","Thiel","4583 Drew Cliffs",,"North Alecmouth","IA","85657"
"Corine","Hilpert","7803 Koelpin Trace",,"South Freeda","AR","57209"
"Dane","Pacocha","9407 Stevie Stream",,"Elbertborough","HI","48084"
"Trinity","McLaughlin","589 Adams Isle","Apt. 775","North Alisonland","SD","61993"
"Tate","MacGyver","16029 Welch Coves","Apt. 425","Corwinberg","CA","99961"
"Eldridge","Beahan","886 Deckow Gateway",,"Port Blaze","CO","07902"
"Emely","Rath","16535 Jayne Station",,"Dietrichton","NJ","05367"
"Alvina","Bosco","31103 Veronica Ferry","Apt. 223","Jerdeberg","NJ","58292"
"Tierra","Howe","33054 Dakota Villages",,"West Yasmine","IA","57904"
"Jimmie","Blick","55439 Wilkinson Heights",,"Cartwrightmouth","TX","30759"
"Gavin","Larson","56075 Skiles Common",,"Jarredbury","OK","86599"
"Amaya","Lowe","5145 Kylie Turnpike",,"East Rosariohaven","MS","20477"
"Alba","Huel","003 Lela Plain",,"Kaylastad","IN","51046"
"Jaleel","Hartmann","2162 Viva Way",,"Heidiberg","NC","75171"
"Malika","Pollich","106 Deckow Meadow",,"Katrinafurt","ND","91350"
"Amber","Schimmel","01832 Beatty Dale","Suite 258","South Wilbertmouth","MO","88372"
"Faustino","Casper","06438 Gabrielle Stream",,"Schadenmouth","NM","48948"
"Betty","Schamberger","8321 Victor Drive",,"West Jannie","NV","48859"
"Brody","Von","9398 Vivien Gardens","Apt. 227","Bryanaland","RI","41611"
"Emil","Ortiz","104 Sheridan Grove","Suite 280","East Cesarport","MN","81941"
"Rosemarie","Emmerich","260 Devyn Ford",,"West Raegantown","MI","50783"
"Kobe","Watsica","04546 Mayert Pines","Apt. 451","Kulaschester","IL","19363"
"Annette","Marquardt","9158 Schaefer Bridge",,"East Payton","OR","19183"
"Delia","Wintheiser","53452 Yundt Pike",,"East Charlie","GA","56618"
"Maya","Rath","572 Becker Terrace","Apt. 728","South Lacey","NH","16476"
"Lillie","Littel","32085 Jerad Locks","Apt. 553","New Elda","TX","51032"
"Grant","Rodriguez","42251 Langworth Court","Suite 942","Chynamouth","SC","39563"
"Myrtie","Nienow","630 Mraz Summit","Suite 944","East Cameron","NH","37280"
"Albertha","Morar","71994 Reinger Junction",,"Lake Nayeli","SC","84736"
"Lauretta","Wiza","609 Roberts Land",,"Nitzscheview","NY","32061"
"Arlo","Purdy","52509 Zboncak Avenue",,"South Rogelio","PA","05526"
"Annabel","Morar","1884 Morris Bridge",,"Georgiannahaven","CA","49965"
"Sasha","Gleason","49072 Elmo Road",,"South Malachishire","ME","74707"
"Eleazar","Veum","22462 Kemmer Junctions","Suite 165","North Judyville","AR","70519"
"Jameson","Schmitt","384 Matilde Parks",,"Lake Frances","TX","51047"
"Georgianna","Grimes","4963 Reilly Pike",,"East Aiyana","NJ","12100"
"Alysha","Daugherty","4466 Noble Road","Suite 071","New Garrison","AK","97287"
"Vivien","Hegmann","9692 Reynolds Rapids",,"Lake Milliestad","IL","25103"
"Adrianna","Medhurst","33895 Georgette Glen",,"North Adelleberg","CT","25605"
"Rosendo","Ruecker","4935 Andreanne Union",,"Marianshire","WA","91619"
"Eddie","Tremblay","3974 Harry Stravenue",,"West Pasquale","LA","09768"
"Lina","Cronin","02021 Hilpert Crescent",,"Velmaburgh","AZ","07555"
"Marcos","Wiegand","03369 Stiedemann Islands",,"Lake Ociestad","KS","64208"
"Emiliano","Maggio","4973 Bosco Manor",,"Babymouth","MD","29360"
"Skyla","Hauck","61852 Barton Ville",,"Mireyabury","TX","20410"
"Demond","Jakubowski","076 Wiegand Drives",,"East Bobbychester","KY","19330"
"Vivienne","Moore","8615 Ullrich Ferry",,"South Hank","VA","63400"
"Vada","Hauck","385 Freddie Gateway",,"Goyettefurt","MI","97808"
"Jasen","Hessel","7905 Roslyn Mountain",,"Hudsonstad","HI","54526"
"Keaton","O'Kon","7242 Lesch Pike",,"Kerlukeview","MD","96191"
"Mariam","Monahan","836 Sonny Groves","Apt. 947","Josephchester","MA","93358"
"Brisa","Friesen","19886 Graham Pines",,"Schmittview","NJ","08314"
"Dax","King","83022 Rowe Gateway",,"Lemkeburgh","RI","08980"
"Abner","Cole","608 Renner Divide","Suite 731","South Eleazarfurt","WV","55989"
"Lenny","Kovacek","7306 Walsh Mews","Suite 000","Parisianport","MI","85528"
"Gracie","Kilback","383 Shanel Plain",,"Lake Geraldineview","WY","82564"
"Lura","Heller","779 Spinka Lights","Suite 098","Alvertaville","NY","89408"
"Delphia","Von","58058 Zboncak Villages","Apt. 275","Schillerside","SC","27675"
"Aylin","Zemlak","41471 Schultz Islands","Suite 374","Destanyville","ID","88812"
"Evie","Okuneva","948 Keanu Canyon","Suite 586","Lynchshire","IL","28081"
"Colten","O'Kon","4756 Predovic Meadow","Apt. 190","Hudsonbury","ME","42785"
"Quincy","Gorczany","7782 Ruecker Brook",,"Haltown","GA","65394"
"Eleazar","Rogahn","053 Skiles Avenue",,"New Margaritaside","RI","17097"
"Mitchel","Olson","85819 Rutherford Square",,"Port Angeline","SC","17310"
"Isaac","Hills","21554 Karl Valleys",,"North Millie","VA","54685"
"Zackary","Marks","0665 Schumm Lakes","Suite 891","Port Tiana","UT","09888"
"Twila","Collins","6393 Shea Extensions","Apt. 597","North Saige","VT","50385"
"Ursula","Langosh","8543 Cade Cliffs",,"South Dayton","KS","15659"
"Audrey","Roob","16327 Annabel Parkways","Apt. 066","New Boborough","ND","11514"
"Eric","Stoltenberg","435 Robel Throughway","Suite 073","Dallasport","CA","07055"
"Kirsten","Kozey","745 Bauch Alley",,"Waelchibury","PA","68418"
"Kyleigh","O'Keefe","6044 Cremin Wall",,"Lynchtown","ME","82855"
"Lynn","Gerlach","2412 Schmeler Avenue",,"North Derrick","IL","09065"
"Ardella","Hagenes","33206 Hahn Corner",,"New Alfshire","OH","82921"
"Faye","Weber","5899 Kris Union",,"Terrencehaven","AR","02137"
"Lucio","Frami","2056 Dickinson Junction",,"East Darwin","VA","02417"
"Omer","Friesen","332 Jerad Pines",,"West Wendellberg","MS","17967"
"Oma","Senger","27963 Vanessa Road",,"North Goldaport","GA","05301"
"Dorian","Rodriguez","8093 Afton Square",,"Langoshstad","CT","30563"
"Garnett","Wolff","304 Leffler Throughway","Suite 159","Bauchview","LA","55516"
"Camilla","Konopelski","11861 Tillman Divide",,"Fritschhaven","GA","35078"
"Ena","Paucek","16541 Susana Shore",,"North Gregory","VA","43454"
"Brielle","Cole","3894 Queen Village",,"Hansenchester","ME","38866"
"Giuseppe","Zulauf","734 Mary Island",,"New Veda","MA","50969"
"Bell","Mann","6680 Herzog Court",,"Kaileybury","ND","17171"
"Furman","Bechtelar","130 Bogan Way",,"North Gertrudehaven","ND","72199"
"Trent","Hirthe","8984 Bergstrom Mission",,"Alvertatown","NE","55229"
"Ted","Walsh","77807 Nienow Harbors",,"East Kelli","MN","43516"
"Milton","Renner","31343 DuBuque Cliff","Suite 128","Kovacekport","MO","86609"
"Rupert","Schaden","3391 Trystan Passage",,"Port Wiley","CT","23134"
"Justice","Gerhold","232 Judy View",,"Schulistshire","IA","57288"
"Mabel","Adams","57744 Wisoky Meadows","Suite 104","Wildermanshire","ID","47343"
"Abigale","Metz","352 Juston Mews",,"Lake Ceceliafort","NH","80293"
"Agustina","Moen","64406 Deckow Light",,"West Paulineside","NJ","38652"
"Vena","Bauch","82176 Mozelle Mountain",,"Lake Ahmadmouth","GA","49772"
"Elda","Hoppe","7282 Ratke Passage","Suite 576","New Kitty","MD","64424"
"Jabari","Hartmann","831 Alejandra Streets",,"New Eusebio","NH","47259"
"Elsa","Brekke","36711 Dach Forks","Suite 238","Port Rae","NH","35465"
"Davion","Prohaska","9822 Sydni Mission",,"North Emieburgh","WA","63021"
"Sabina","Feil","498 Sheridan Causeway",,"Port Elinoremouth","LA","89759"
"Shaylee","Schuster","038 Cecelia Pines",,"New Kale","TN","39579"
"Hillard","Christiansen","07918 Sadie Run",,"Tomaston","MD","29416"
"Hulda","Stehr","13276 Brooklyn Green",,"West Rossville","FL","51956"
"Harmony","Skiles","582 Wunsch Dale",,"Paxtonfort","VA","42500"
"Cory","Gibson","8688 Braxton Ridge",,"South Tobin","ME","56274"
"Nedra","Ferry","752 Gerald Streets","Apt. 178","Port Eleanora","IN","86522"
"Ayden","Bernhard","52215 Dare Village","Apt. 055","North Betsy","ID","72885"
"Nash","Pfeffer","1093 Waelchi Divide","Apt. 508","West Melissa","CA","09946"
"Estel","Nolan","880 Quigley Hollow","Apt. 653","Lindgrenport","TX","76784"
"Kaylah","Sipes","440 Kassandra Dam",,"West Minervashire","HI","42360"
"Mohamed","Simonis","387 Kristin Place",,"Arturoton","LA","51901"
"Christian","Gleichner","124 Ernser Unions",,"North Oceanemouth","NC","73045"
"Bernadine","Hoeger","9541 Edward Expressway","Suite 101","Metzfort","VT","12792"
"Gilda","Dicki","040 Kohler Meadows",,"East Fletaberg","AL","59506"
"Ashton","Nitzsche","7127 Glover Mount",,"Gutkowskimouth","KY","81797"
"Tyra","Blick","34420 Gregg Motorway",,"Port Savanahhaven","WA","88908"
"Bo","Kiehn","19338 Rippin Bridge",,"Pansystad","WI","59822"
"Gregory","Doyle","40754 Fadel Tunnel",,"Yeseniaside","UT","55616"
"Norris","Weber","278 Bruce Village",,"East Claytown","HI","51186"
"Alycia","Leannon","513 Von Alley",,"Jacobiberg","PA","67226"
"Brennon","Mitchell","4289 Noah Key","Suite 737","West Emmittchester","CO","44931"
"Javon","D'Amore","435 Christine Islands",,"Durganside","NE","12536"
"Henderson","Miller","772 Predovic Junction","Suite 926","Goldahaven","MT","54755"
"Tamara","Quigley","32885 Jovanny Isle",,"Lake Lillieview","HI","21861"
"Kristin","Boyer","52205 Camille Land",,"Kuhlmanfort","ND","31483"
"Tess","Turcotte","0043 Breitenberg Rue",,"North Richmondberg","AL","90484"
"Reyna","Fahey","330 Judah Vista",,"East Nikolasmouth","IL","96168"
"Anais","O'Reilly","601 Lorine Estates","Apt. 077","Majortown","SD","23306"
"Eulah","Schaden","633 Quinn Turnpike",,"Lake Joycechester","KY","61392"
"Kale","Yundt","96912 Whitney Ports","Suite 660","New Roderick","MS","13653"
"Frank","Raynor","4151 Bartell Shoals",,"North Cristopher","AZ","99913"
"Delta","Hauck","934 Nathen Roads",,"West Lillyfurt","CO","42429"
"Isaac","Von","9473 Hunter Mission","Suite 978","West Talia","WA","09402"
"Juvenal","Fahey","38510 Fritsch Land",,"Walterstad","DE","77230"
"Shad","Ferry","01858 Harvey Fields",,"Gleasonburgh","WY","00993"
"Liliane","Ortiz","49914 Okuneva Camp",,"Esperanzafurt","NV","52001"
"Charley","Denesik","594 Sydnie Prairie",,"Eldridgeview","MO","29152"
"Korey","Lowe","03401 Hermann Mission",,"North Marilie","WA","37684"
"Kattie","Welch","4873 Colton Rapid",,"North Clydefurt","FL","35832"
"Maya","Schiller","2123 Mante Overpass",,"Langworthfort","WI","16430"
"Lorenzo","Willms","05635 Jaylen Mill",,"Port Janistown","AZ","14597"
"Jarrod","Wolf","93006 Witting Stravenue",,"New Isadorechester","CO","90321"
"Opal","Ankunding","815 Aurore Station","Apt. 494","East Lawrenceside","AR","69296"
"Thad","Rice","848 Alize Square","Suite 737","Lacychester","LA","46669"
"Brennan","Schmitt","554 Swaniawski Glens",,"Annetteland","UT","10573"
"Leslie","Buckridge","799 Ashtyn Overpass",,"West Rex","FL","74490"
"Rollin","Wiegand","3158 Tromp Turnpike",,"North Gustaveview","MI","89530"
"Judson","Baumbach","56420 Padberg Spring",,"East Katlynnton","SC","11139"
"Cecelia","Ledner","847 O'Connell Stravenue",,"Mckaylaview","VA","37558"
"Fernando","Zulauf","8783 Mavis Trace",,"Lake Bernhard","CT","40902"
"Kristin","Pfannerstill","2148 Cummerata Glen","Apt. 876","Krystalburgh","FL","16235"
"Elwin","Lehner","835 Cheyanne Ferry","Suite 523","North Jessika","CO","85194"
"Keith","Balistreri","051 Kerluke Burgs",,"Grayceberg","CO","26501"
"Ursula","Padberg","436 Lehner Cape","Suite 550","Kovacekfort","NH","26473"
"Hermann","Dibbert","5216 Adelia Haven","Suite 864","Port Gerda","FL","65371"
"Leone","Feeney","89040 Kris Cliffs",,"New Shaniaville","DE","20048"
"Ernesto","Cremin","0697 Tanya Grove",,"Reedville","MI","36758"
"Cassandre","Harber","65433 Gutmann Burgs",,"Kirlinbury","KY","93047"
"Murray","Olson","982 Bogan Overpass",,"North Cecileberg","OH","86987"
"Jennie","Mohr","98541 Tate Grove",,"New Orrinburgh","SD","96786"
"Anastacio","Koch","6980 Kuhn Corners","Suite 983","East Opalbury","MI","73916"
"Carolyne","D'Amore","61681 Parker Springs","Apt. 150","Lake Milton","MD","64585"
"Ashley","Hartmann","22407 Laurie Parkways",,"Claudeview","SC","67873"
"Kiara","Streich","11677 Letitia Mountains","Apt. 841","Altenwerthberg","ME","33220"
"Malika","Walter","1967 Leonardo Fords",,"Torptown","WA","65721"
"Melba","Schinner","417 Jairo Road",,"Jarvisfort","NC","98903"
"Constance","Kirlin","01393 Heaney Village","Suite 142","Gutmannside","MD","78505"
"Darryl","Runolfsson","56575 Dana Extensions",,"Emanuelmouth","NE","22208"
"Keira","Kuhic","6002 Windler Course",,"Robynhaven","WI","11070"
"Logan","Kuphal","38648 Dickinson Island",,"Prosaccostad","KY","57302"
"Joshua","Lynch","74710 Cayla Cliffs",,"Loweland","NY","86648"
"Quinn","Braun","4501 Monserrat Ridges",,"Larsonborough","ND","00703"
"Marshall","McGlynn","18879 Helene Course","Suite 580","Lake Emelia","WA","76431"
"Marietta","Hoppe","465 Crystel Ports",,"Dietrichstad","AL","97992"
"Eric","Wiza","60862 Mayert Mountain","Suite 836","North Stefanie","GA","29647"
"Elsie","McGlynn","80443 Romaine Row","Apt. 635","New Georgiannastad","NV","47626"
"Maximus","Johnston","43605 Hilma Court",,"Hallieland","IA","92754"
"Sage","Hilpert","48166 Mohr Motorway","Suite 237","West Enochland","NM","61022"
"Elwin","Gulgowski","88414 Kassulke Hills",,"Zboncakside","TN","49661"
"Jaron","Schamberger","6324 Weber Tunnel","Apt. 532","Lake Retachester","TX","56144"
"Dylan","Lakin","836 Wayne Gateway",,"Lake Leola","MI","86652"
"Annabel","Smith","110 Breanna Drive",,"South Leathaton","TN","54632"
"Coby","Stanton","631 Gordon Plaza","Suite 830","Runolfssontown","VA","65347"
"Linwood","Bradtke","3326 Katrina Crescent",,"Wittingside","MO","79144"
"Keagan","Watsica","635 Stanton Mount","Suite 655","Eviestad","NH","61201"
"Monica","Bernier","7992 Dicki Forest","Apt. 622","Schillermouth","NC","57091"
"Torrance","Bauch","30156 Kirlin Fork",,"Mosesstad","IN","06980"
"Ardith","Sawayn","35346 Stehr Roads",,"West Ike","MN","17698"
"Camila","Weber","60911 Shyanne Crescent","Suite 311","Lake Alysha","MS","81793"
"Rita","Nader","02600 Pollich Spurs",,"Goyettefurt","LA","51392"
"Colton","Abshire","048 Beier Underpass",,"Lailatown","CA","17873"
"Parker","Hermiston","75387 Labadie Meadow","Suite 928","Port Leannafort","VA","34435"
"Sammy","O'Hara","7830 Littel Wall",,"Lake Conradburgh","DE","09647"
"Cole","Dare","7117 Georgette Pine",,"Port Marybury","WV","38129"
"Theo","Dach","1620 Dejuan Turnpike","Apt. 626","Batzland","KY","84021"
"Braxton","Kris","448 Josiane Circle","Apt. 165","South Ramiroshire","NY","30967"
"Melvina","Kautzer","365 Laurel Inlet",,"West Brycen","RI","15821"
"Yvonne","Dicki","243 Heidenreich Neck",,"East Jeromyberg","MI","48182"
"Austen","Schoen","17057 Fritsch Drives",,"Brakusview","NM","63714"
"Velda","Rosenbaum","82044 Steuber Spurs",,"East Tomfurt","IN","01529"
"Gardner","Farrell","056 Gibson Wall",,"New Mathildemouth","WV","31259"
"Amalia","Reinger","9819 Raynor Junction",,"North Yoshikostad","VT","37435"
"Treva","Blick","6871 Cummings Hollow","Apt. 699","Lake Anabellefurt","ID","02187"
"Rodolfo","Wiza","469 Oberbrunner Hill",,"West Dexterstad","UT","82342"
"Magnus","Nienow","49533 Brakus Trafficway",,"Lake Rogersborough","MD","32154"
"Quinton","Schinner","946 Deshaun Freeway",,"Langworthbury","SC","35309"
"Corene","Reilly","4684 Guillermo Isle",,"East Mariela","TX","00343"
"Candida","Lesch","17333 Maria Plain",,"Sterlingside","OR","05360"
"Casimir","Little","44009 Kemmer Radial",,"North Aliza","KY","52982"
"Sasha","Kulas","13410 Christ Ports","Apt. 526","Weberland","AK","75878"
"Novella","Zboncak","87841 Halvorson Path",,"Lake Noemi","CO","41982"
"Marcel","Collier","3083 Emard Junction","Apt. 930","South Bufordfort","NV","05559"
"Jesus","Hane","3527 Devan Causeway",,"East Rickey","ID","56708"
"Morgan","Toy","3350 Jean Centers",,"Conroymouth","WA","68965"
"Vivian","Marquardt","99016 Vandervort Dale","Suite 049","North Rodgerfurt","SC","05921"
"Audrey","Koch","8755 Wintheiser Landing",,"Port Patrickburgh","VA","41589"
"Melvin","Moen","704 Champlin Via",,"New Krystina","SD","45025"
"Jordan","Schneider","8220 Iva Lock",,"Port Joanny","OR","36091"
"Elody","Becker","4256 Fidel Street","Apt. 010","Feestview","LA","49020"
"Trever","Hessel","311 Lia Tunnel",,"Wilmaton","RI","34616"
"Myrtice","Mante","462 Franecki Ramp",,"Volkmanshire","KS","81720"
"Winfield","Friesen","73304 Beahan Rapid",,"Port Narcisochester","ND","45532"
"Demetrius","Purdy","05761 Ana Mall",,"Lake Luciousburgh","OR","67763"
"Claudia","Lueilwitz","160 Toy Trail","Suite 765","Port Maeve","AK","64813"
"Shea","Schaefer","466 Kris Knoll","Suite 889","Torrancefurt","MT","64469"
"Tyshawn","Christiansen","156 Oren Walks",,"Gleichnershire","FL","24628"
"Lou","Trantow","020 Antonette Forges",,"Connborough","ID","19052"
"Sanford","Yundt","9995 Cronin Unions",,"New Elinor","DE","69674"
"Fiona","Denesik","769 Halie Motorway","Apt. 836","Lutherburgh","TN","79924"
"Liza","Renner","9454 Monahan Landing","Apt. 658","North Tevin","FL","99605"
"Roslyn","Fay","0398 Westley Union","Apt. 936","South Hal","MI","88699"
"Lera","Turner","24302 Johnpaul Hills",,"Schaeferview","MD","22034"
"Vito","Mosciski","89984 Hills Tunnel",,"Paucekville","OK","52328"
"Elisha","Ondricka","69118 Bernier Spurs",,"Shayleeville","OR","90987"
"Meta","Toy","9421 Edmond Oval","Suite 506","Pedroton","NJ","65045"
"Jaydon","Gaylord","906 Hessel Via","Suite 737","Reingerland","AK","09249"
"Lily","Barton","308 Romaguera Road","Apt. 358","Merlinburgh","WV","83083"
"Hector","Haley","5409 Macey Station",,"New Heath","DE","60221"
"Ernesto","Shanahan","39482 Schroeder Tunnel",,"West Brookside","CO","81622"
"Pierre","Johnson","602 Feeney Shoals","Apt. 741","East Ali","MT","73054"
"Harry","Wisozk","8609 Balistreri Radial",,"New Makaylaton","TX","67055"
"Rosalind","Bins","0315 Fadel Extensions","Apt. 679","Eleanoreshire","LA","49031"
"Kylie","Huels","91945 Koelpin Vista",,"Wintheiserton","KS","78431"
"Jordane","Corkery","7057 Meghan Land",,"South Miguel","NM","94581"
"Finn","Kshlerin","40142 Simonis Hollow",,"New Kaylin","MS","04215"
"Christian","Huel","7639 Janiya Highway",,"Langoshmouth","ND","65495"
"Jakayla","Ortiz","1033 Elizabeth Viaduct",,"North Alan","ME","46007"
"Ted","Sipes","005 Towne Road",,"North Ahmad","DE","65949"
"Karolann","DuBuque","875 Raoul Ports",,"South Flavie","ND","76464"
"Henriette","Pfeffer","9977 Brayan Street",,"Winifredview","TX","35911"
"Susanna","VonRueden","679 Kari Divide",,"New Violette","IL","39548"
"Lauryn","Harber","964 Osinski Junctions",,"West Destini","WA","03450"
"Dessie","Reichel","770 Maye Turnpike",,"Ardithborough","MO","09738"
"Daniella","Johnston","162 Aryanna Tunnel",,"Lake Lyric","MI","66827"
"Jaeden","Smitham","38018 Domenick Islands",,"Port Lura","CT","89233"
"Ashly","Kub","0039 Amira Alley",,"Lake Noemymouth","GA","54922"
"Deborah","McGlynn","8949 Heller Pine","Suite 024","Brentfort","AR","72599"
"Constantin","Labadie","63411 Rohan Loop",,"Madelynchester","NM","84441"
"Granville","VonRueden","443 Alize Crossing","Apt. 877","Elbertmouth","MS","71036"
"Jefferey","Hane","37248 O'Conner Mall","Apt. 096","Sunnyside","TN","08287"
"Julio","Barton","30258 Norris Mountain","Apt. 065","Ashlynnborough","AL","21355"
"Franz","Langosh","266 Durgan Prairie",,"South Karolannborough","AZ","05116"
"Elena","McDermott","7593 Wiegand Lights",,"East Leopoldomouth","MS","90298"
"Leonardo","Stoltenberg","82236 Luettgen Branch",,"East Orrin","CA","55111"
"William","Legros","315 Howe Pines",,"East Karenhaven","CA","45499"
"Rocky","Champlin","4331 Schiller Well","Suite 152","Garettstad","ID","33542"
"Brant","Conroy","09376 Hintz Trail",,"Kochmouth","OR","21155"
"Jerrold","Bayer","23445 Ted Squares",,"Lesleyville","CA","37549"
"Kris","Kuhn","588 Grady Garden",,"Lake Julioview","LA","94550"
"Adell","Durgan","75005 Cormier Points",,"Lockmanberg","NC","65466"
"Elise","Rogahn","77092 Eli Harbors",,"Turcottebury","VA","16051"
"Earline","Gerhold","32917 Torp Terrace",,"Deebury","KS","01276"
"Tommie","Klein","1191 Kenton Plains",,"Juanitachester","ND","13354"
"Jarrell","Turcotte","028 Frami Haven",,"North Fausto","NC","60274"
"Catharine","Gleason","2663 Bins Roads",,"West Santafort","CT","41626"
"Emory","Ruecker","204 Piper Square",,"Valentinmouth","FL","85268"
"Meda","McKenzie","5410 Hintz Views",,"Burleyfort","RI","89442"
"Jaclyn","Goodwin","9504 Waters Islands",,"North Eduardo","NJ","94413"
"Waylon","Thompson","94927 Doyle Rapid",,"Zemlakberg","IA","40237"
"Desmond","Goyette","78888 Flatley Walks",,"West Bella","DE","63088"
"Omari","Tremblay","41759 Fritsch Burgs",,"West Toniville","CO","82710"
"Antoinette","Ebert","143 Larson Island",,"Coltport","SC","82446"
"Margarett","Hessel","083 Champlin Skyway",,"New Mario","MD","83525"
"Austin","Kiehn","6786 Caitlyn Fields",,"Londonview","NC","35221"
"Coleman","Carter","008 Rashad Via",,"Chesleyfurt","ID","17212"
"Jamarcus","Thompson","371 Joshua Valleys","Suite 165","North Orpha","OR","25660"
"Myrtle","Torphy","194 Sanford Road",,"Olsonfurt","AR","23081"
"Desmond","Cassin","9589 Efrain Inlet",,"Ortizview","GA","45516"
"Mckayla","Schoen","9619 Hessel Village",,"Lake Anita","VA","81061"
"Christelle","Kassulke","3390 Goldner Keys",,"Katelynburgh","WY","08198"
"Leonie","Lehner","9791 Medhurst Plaza","Suite 565","Daytonfort","OK","60709"
"Ana","Homenick","923 MacGyver Spring",,"Lake Scotty","SD","00436"
"Eldred","Stiedemann","54425 Friedrich Lane",,"Hansenville","MS","29343"
"Landen","Wolff","4028 Becker Crossroad",,"Brookborough","TN","81612"
"Oliver","Kertzmann","5766 Dariana Plaza",,"Randallton","NJ","67942"
"Keyon","Brown","4628 Thelma Viaduct",,"New Guillermo","MO","89814"
"Annalise","Rogahn","7973 Gutkowski Ferry",,"West Ransomchester","VT","55326"
"Jaquan","Little","5696 Dach Meadow","Apt. 179","Mertzfurt","VT","79909"
"Mable","Huels","058 Casper Groves",,"West Gussiebury","MO","46357"
"Bradford","Cassin","8600 Bryce Estates",,"Port Connor","MT","60964"
"Arianna","Lebsack","210 Fletcher Junction",,"South Maudieland","SC","30819"
"Rebeca","Thompson","0646 Morissette Vista",,"Paucekburgh","CT","34824"
"Cierra","Jast","8628 Amya Crossroad",,"Lake Ashtyn","IL","19591"
"Tiana","Cronin","960 Hermann Isle",,"Kentontown","FL","24466"
"Alyce","Buckridge","06657 Klocko Route",,"Devenmouth","OH","09439"
"Daren","Spencer","20918 Rafael Pines",,"Langworthchester","TN","06999"
"Annabelle","Greenholt","68356 Iva Freeway",,"East Clevelandchester","AL","25207"
"Guy","Goldner","559 Mohamed Motorway",,"New Luciennebury","ID","74177"
"Ellsworth","Morar","757 Hane Bridge",,"East Omariton","DE","57043"
"Merl","Sipes","542 Marks Mission",,"Earnestinemouth","GA","68179"
"Stephon","Keeling","57661 Moriah Plains",,"Nikkoville","ID","40392"
"Jayne","Gleason","8047 Dina Spring",,"Sylvanburgh","PA","73008"
"Abbey","Bernhard","6331 Ona Course","Suite 215","Port Marta","WY","38753"
"Reilly","Kohler","38108 Jadyn Tunnel",,"East Justen","RI","70941"
"Van","Huel","8371 Enrico Cliff",,"Krystalview","MA","08861"
"Cleveland","Pagac","42537 Hermann Keys",,"North Patrickhaven","UT","80872"
"Roderick","Ferry","8356 Roger Ferry",,"Denesikton","WV","88064"
"Mason","Eichmann","226 Kameron Spur","Apt. 251","Cielohaven","MT","81765"
"Vicente","Torphy","0379 Filiberto Divide",,"Oberbrunnermouth","OK","32469"
"Freeda","Roberts","443 Jayne Centers",,"New Delphine","OK","35238"
"Juliet","Heaney","315 Bechtelar Flat","Suite 396","Krischester","VT","89893"
"Lionel","Kirlin","2281 Torp Creek",,"Zboncakhaven","OR","12513"
"Hillard","Lesch","0940 Noemy Glens",,"Conntown","WI","15663"
"Mckenzie","Wunsch","7232 Bell Bypass",,"Kovacekville","AZ","44815"
"Daron","Hegmann","345 Chesley Walk",,"Gutmannhaven","LA","70898"
"Joshuah","McClure","01746 Stracke Glens",,"Port Ashton","AK","53314"
"Jett","Mraz","512 Kuphal Plaza","Apt. 533","Port Koby","NV","88403"
"Theresia","Reynolds","4863 Veum Passage","Suite 921","Olgaview","AL","30058"
"Selena","Dare","2539 McLaughlin Knoll",,"Port Jefferychester","WA","13778"
"Arielle","Nikolaus","645 Cole Lodge",,"New Ravenfort","WA","55728"
"Herbert","Leffler","710 Wisozk Forest",,"New Jacinthetown","OK","01996"
"Hester","Herman","762 Toy Squares",,"North Sonyafurt","AZ","82808"
"Junior","Shanahan","10295 Krajcik Groves","Apt. 048","Markstown","UT","36299"
"Alayna","Predovic","27424 Parker Hollow",,"Murazikhaven","WI","16378"
"Daphnee","Kuhn","4385 Tina Ferry",,"Normaborough","CT","85101"
"Kirstin","Hessel","75408 Osinski Parkways",,"Idellport","VA","90783"
"Marcos","Lind","438 Rex Radial",,"Moenville","IL","60507"
"Rick","Welch","6161 Maribel Knolls","Suite 437","Leonorside","KY","85114"
"Jonatan","McKenzie","045 Mante Villages","Apt. 668","Zulauffort","NY","65456"
"Quinn","Cronin","086 Reilly Vista","Suite 934","Okunevaborough","MS","34786"
"Carroll","Murphy","52645 Rogahn Drive",,"Lelaburgh","HI","04722"
"Randy","Tromp","7180 Lambert Brook",,"Breanaside","MN","20872"
"Miguel","Considine","1177 Lemke Fall",,"Marjolaineside","MS","29999"
"Kamryn","Veum","96492 Floy Green",,"Lake Mercedeschester","VA","10847"
"Gretchen","Simonis","4202 Jacobson Creek",,"Freedaton","SC","13845"
"Natalie","Prohaska","402 Everette Way","Apt. 322","Port Gracie","RI","99735"
"Kasey","Bernhard","94994 Darrin Island",,"Lake Dennisview","AR","45022"
"Asia","Bailey","070 Hilll Ports",,"Port Hilmaville","VT","52383"
"Cindy","Little","027 Fahey Forges",,"Sporerhaven","IN","63444"
"Lois","Parker","1680 Ally Estates",,"West Cierraville","DE","86119"
"Tyrese","Wolf","438 Zoey Shores",,"West Hollistown","MT","51061"
"Marjory","Gleason","3126 Emily Skyway","Suite 526","New Hailiefurt","MT","46632"
"Deshaun","White","26653 Satterfield Gateway","Suite 347","Parisianport","MN","11160"
"Keyshawn","Boehm","10086 Darion Plaza",,"Dessiefort","NC","72795"
"Maritza","Senger","869 Yasmeen Port",,"South Alexandria","ND","80275"
"Geovanny","Brekke","51094 Huel Summit",,"East Tremaine","MO","98210"
"Zackary","West","0316 Mosciski Throughway",,"New Cydneyfort","MS","79826"
"Deborah","Barton","34393 Ebony Mountains",,"South Jaylenberg","MD","42914"
"Jayson","Larson","4180 Zboncak Shore",,"Port Adell","NV","55810"
"Aliyah","Mayer","7558 Zora Harbors",,"Port Lawrence","NE","00367"
"Annie","Collier","66374 Watsica Pass",,"Turcottefort","TX","92216"
"Shaun","Leuschke","315 Wilkinson Alley",,"New Osborne","ID","93425"
"Gillian","Wolff","077 Grimes Circles",,"West Leif","ID","45730"
"Paula","Hermiston","87306 Pacocha Plaza",,"Gageberg","MT","13213"
"Corene","Labadie","97836 Buckridge Knolls","Apt. 584","Mohrland","PA","90468"
"Jennings","Gleason","172 Homenick Groves","Suite 336","Lake Emmanuelleberg","LA","97167"
"Kyla","Cremin","53711 Tremblay Drives",,"Lake Roycechester","CA","68670"
"Ernest","Daugherty","19234 Lind Plaza","Suite 872","Russelside","OK","11211"
"Teresa","Sawayn","65216 Kutch Courts",,"North Wilfrid","TX","80260"
"Clyde","Murphy","15202 Waters Track",,"Port Joanaberg","MI","25823"
"Sincere","Carter","01119 Beatty Ford",,"Ashtynstad","VA","00310"
"Garth","Collins","8955 Pouros Hills","Suite 360","West Charity","CT","93740"
"Orval","Batz","003 Mills Mission","Apt. 151","South Bellaport","WI","42563"
"Ewell","Trantow","0095 Auer Plain","Apt. 532","East Leannashire","MO","36429"
"Marcia","Hilll","7417 Anna Junctions",,"Lake Joanieborough","WI","18567"
"Emilia","Rowe","9705 Hudson Corners","Apt. 705","Lake Candidoville","KY","06619"
"Rosemarie","Stehr","8229 Jeffery Station",,"Evieport","AL","39140"
"Buck","O'Reilly","2692 Everett Station",,"Brandonburgh","MA","65724"
"Cedrick","Bartell","910 Kunze Rapid",,"Annaport","OH","54520"
"Gloria","Moen","3735 Evalyn Camp","Apt. 286","Lake Jadonville","GA","57241"
"Adan","Witting","29633 Harris Neck",,"Swaniawskistad","WY","96388"
"Timothy","Waelchi","9163 Schinner Pass",,"Port Florineland","AZ","80638"
"Miles","Borer","0264 Dare Fields",,"East Janice","TX","42425"
"Stephon","Bogan","101 Edythe Crossroad",,"New Linda","OR","51046"
"Augustine","Weissnat","3392 Hansen Terrace",,"New Cynthia","KY","41349"
"Edyth","Boyle","981 Guillermo Prairie",,"Port Luellaberg","AK","54637"
"Lempi","Boyle","1000 Wuckert Loaf",,"Lake Pansy","WY","36127"
"Zena","Thiel","0061 Sheila Avenue","Suite 507","Juanaville","SC","25070"
"Nelson","Dicki","9184 Howell Mountain",,"South Shanaburgh","TX","95970"
"Oswald","Jenkins","73473 Ena Trafficway",,"Stammville","AK","89352"
"Aileen","Bashirian","771 Huel Isle","Suite 894","Port Ilene","NM","90611"
"Viola","Russel","72779 Hermiston Vista","Suite 678","Lionelland","AL","68203"
"Emile","Hane","1937 Tromp Ramp",,"North Drakeberg","UT","35081"
"Makayla","Gleichner","2622 Yasmin Trafficway","Suite 907","North Wilfredochester","NE","05804"
"Ebba","Streich","676 Beverly Avenue",,"Kertzmannburgh","AR","63623"
"Winfield","Jast","94181 Hallie Mission",,"Runolfssonland","AR","41856"
"Jewell","Gorczany","975 Stamm Square",,"Port Kenyon","MN","19115"
"Unique","Hessel","67246 Koss Lakes",,"East Janie","CT","68897"
"Carissa","Abshire","5064 Flatley Circle",,"Carmellashire","OR","79990"
"Allan","Schmidt","042 Harvey Junction",,"Lake Dawson","IA","84202"
"Flavio","Kemmer","23766 Fahey Expressway",,"East Hazlemouth","GA","15112"
"Ayla","Stroman","3782 Lang Station",,"Port Seamuston","NM","25785"
"Adella","Mante","34707 Blanda Grove","Apt. 916","East Macy","VT","11174"
"Anastasia","Kassulke","773 Russel Way",,"Bashirianstad","AR","35603"
"Russel","Upton","7935 Schimmel Views",,"Doyleshire","AZ","02791"
"Kitty","Kuhic","307 Mohr Harbor","Apt. 129","Nicolasport","UT","22717"
"Edward","Harber","63775 Beahan Street",,"Schaeferview","MI","01021"
"Zachariah","Roob","5683 Jenkins Trail",,"New Cletachester","KS","46821"
"Ara","Hand","2522 Natasha Drives",,"Pacochaport","NE","71362"
"Victor","Wilderman","5355 Nola Forest","Apt. 697","South Marcellamouth","MN","49492"
"Ward","Kihn","41276 O'Conner Rest",,"New Magdalenafort","MO","51201"
"Mitchell","Strosin","29680 Destiney Run",,"West Celiaside","HI","53632"
"Tessie","Raynor","67915 Corwin Squares",,"Steubertown","DE","19042"
"Rachael","Kovacek","1427 Bode Locks",,"North Bridie","WA","69162"
"Bobbie","Upton","650 Jaron Brook","Apt. 724","North Isobelside","AK","50838"
"Myron","Bahringer","8653 Kristofer Heights",,"New Krystelstad","MT","77138"
"Nathan","Terry","80403 Hudson Fork",,"Port Devintown","KS","30284"
"Pasquale","Veum","689 Ignacio Stream",,"West Grace","WY","90860"
"Verona","Purdy","942 Leonora Mission",,"Connerborough","AR","58397"
"Amanda","Maggio","1306 Erich Tunnel",,"Travisfurt","VA","25304"
"Rosendo","Ledner","280 Xzavier Common",,"Weimannhaven","VT","00442"
"Stephen","Collier","3542 Paul Hills",,"Velmastad","WV","62571"
"Ilene","Smitham","206 Salma Square",,"Schroederchester","PA","89187"
"Laurine","Erdman","4123 Kendra Parkway",,"South Verda","OH","90526"
"Gavin","Ziemann","338 Weimann Freeway",,"Kuvalisfort","HI","23580"
"Kenya","Bins","053 Schinner Ville",,"Norwoodton","KY","13667"
"Kianna","Jenkins","34554 Mike Heights","Suite 823","Bergstromstad","NJ","37409"
"Wyman","Rohan","807 Christa Lock",,"Port Isabellshire","CT","68442"
"Cleta","Kulas","69647 Gail Green",,"Port Preciousport","CT","95992"
"Conor","Murphy","47793 Kerluke Mountain",,"Tedshire","WI","17687"
"Sage","Krajcik","37148 Robel Bypass","Apt. 877","South Lupeburgh","MN","96555"
"Wilton","Rowe","806 Hickle Via",,"Port Sofia","TN","46262"
"Dax","Walter","7756 Buster Crest","Suite 716","Port Elmore","TN","62496"
