"name","breed","sex","shots","licensed","neutered","birthdate","weight"
"Adah","Polish Tatra Sheepdog","M",0,0,0,"2018-5-7",84
"Alvina","English Setter","U",0,0,1,"2017-9-28",84
"Jayda","Beagle-Harrier","U",1,0,1,"2018-5-26",17
"Jazmyn","Dachshund","F",1,1,1,"2017-10-12",100
"Jennie","Gaddi Dog","M",0,0,0,"2017-11-15",135
"Finn","Patterdale Terrier","U",1,0,1,"2017-8-30",120
"Liliane","Patterdale Terrier","U",1,1,0,"2018-4-18",44
"Clarabelle","Italian Greyhound","F",0,1,0,"2018-7-19",9
"Montana","Chien-gris","M",0,0,1,"2018-2-8",12
"Cleve","Bolognese","F",0,1,0,"2017-8-5",75
"Jayne","Fox Terrier, Wire","M",0,0,0,"2018-1-28",146
"Lysanne","Basque Shepherd Dog","U",1,0,1,"2018-7-18",144
"Jody","Kyi-Leo","U",0,0,0,"2017-7-30",9
"Isaiah","Elo","F",0,1,1,"2017-10-29",59
"Roderick","Australian Stumpy Tail Cattle Dog[10]","U",0,0,1,"2017-10-29",7
"Annamae","Scotch Collie","M",0,1,1,"2018-4-4",124
"Leon","Toy Manchester Terrier","M",0,0,1,"2018-1-22",25
"Alia","Sabueso fino Colombiano","M",1,1,0,"2017-9-23",135
"Emilio","Lancashire Heeler","U",0,0,1,"2017-12-17",44
"Jess","Catahoula Leopard Dog","U",1,1,1,"2017-11-1",9
"Devan","Drentse Patrijshond","M",0,1,1,"2018-6-21",96
"Mylene","Sapsali","U",0,0,1,"2018-6-13",116
"Dahlia","Kerry Beagle","F",0,0,1,"2018-1-9",16
"Jordan","Podenco Canario","F",1,1,0,"2017-10-1",118
"Will","Bouvier des Flandres","U",0,0,0,"2018-3-14",51
"Emerald","Basenji","U",0,0,0,"2017-12-10",113
"Pauline","Kumaon Mastiff","U",0,1,1,"2017-11-4",37
"Kenyatta","Hovawart","U",1,1,1,"2017-11-30",80
"Daniella","Griffon Fauve de Bretagne","F",1,0,0,"2018-6-30",65
"Lorna","Glen of Imaal Terrier","F",1,0,1,"2018-5-9",112
"Dovie","Hanover Hound","M",1,1,0,"2017-10-16",40
"Cody","Blue Lacy","F",0,0,0,"2017-10-12",116
"Kristopher","Schapendoes","U",0,0,0,"2017-9-30",7
"Lera","Majorca Ratter","M",1,1,1,"2018-3-8",15
"Mattie","Parson Russell Terrier","M",1,0,0,"2017-12-15",83
"Crystal","Chesapeake Bay Retriever","M",1,0,1,"2018-3-8",39
"Ramona","Phu Quoc Ridgeback","U",1,1,0,"2017-11-23",134
"Linnie","Bullenbeisser","U",0,0,1,"2018-3-15",23
"Jeromy","Karakachan Dog","U",0,0,0,"2018-1-20",10
"Hellen","Chilean Fox Terrier","F",0,0,1,"2018-5-11",20
"Alberta","Welsh Sheepdog","U",0,0,0,"2017-11-13",11
"Amos","East Siberian Laika","U",1,0,0,"2017-11-27",23
"Keeley","Alopekis","M",1,0,1,"2018-4-15",60
"Matt","Curly-Coated Retriever","U",1,0,1,"2018-1-27",84
"Matilda","Toy Fox Terrier","U",0,1,0,"2018-5-20",106
"Kenyatta","Combai","F",1,1,0,"2018-2-22",85
"Adrian","Finnish Spitz","U",1,0,1,"2018-5-27",110
"Martina","Shetland Sheepdog","F",1,0,0,"2018-3-5",103
"Patricia","Estrela Mountain Dog","F",1,1,1,"2018-4-20",88
"Jimmy","Schweizerischer Niederlaufhund","F",1,0,1,"2018-7-20",89
"Wilber","Cordoba Fighting Dog","F",1,1,1,"2017-12-29",87
"Krystel","Belgian Shepherd Dog (Tervuren)","U",1,1,1,"2018-3-7",49
"Scotty","Icelandic Sheepdog","F",1,0,0,"2017-10-27",142
"Annabell","Australian Kelpie","U",1,1,1,"2017-8-2",127
"Vena","Whippet","F",1,1,0,"2018-5-30",42
"Leland","Miniature American Shepherd","M",1,1,1,"2017-8-26",59
"Amelia","Sealyham Terrier","M",0,1,1,"2018-4-28",128
"Brooks","Tornjak","F",0,0,1,"2018-6-16",28
"Lottie","Porcelaine","F",0,0,1,"2018-3-17",40
"Jordy","German Spaniel","M",1,0,1,"2018-1-15",109
"Lambert","Berger Picard","F",0,1,0,"2017-11-16",5
"Christiana","Blue Heeler","M",1,0,0,"2017-9-21",131
"Favian","English Setter","U",0,0,1,"2018-3-23",119
"Victoria","Bulldog","F",1,1,1,"2018-7-26",77
"Emmitt","Dutch Shepherd","M",1,1,1,"2017-8-7",29
"Gustave","American Bulldog","U",0,1,0,"2018-4-21",79
"Toy","Hygenhund","M",1,0,0,"2018-6-27",51
"Joseph","Giant Schnauzer","M",0,0,0,"2018-4-17",111
"Emmanuel","Japanese Spitz","U",1,0,0,"2018-3-5",85
"Lou","Fila Brasileiro","F",1,0,1,"2018-4-25",20
"Armani","Treeing Cur","U",0,0,1,"2018-4-16",9
"Karson","Russell Terrier","M",1,1,0,"2018-1-9",147
"Jillian","Sabueso Español","M",1,0,0,"2018-4-15",35
"Missouri","Russell Terrier","U",0,1,0,"2018-1-27",20
"Donald","Bavarian Mountain Hound","F",1,0,0,"2017-11-1",150
"Mariela","Sporting Lucas Terrier","M",0,1,1,"2017-12-21",34
"Cathy","Perro de Presa Mallorquin","U",0,1,0,"2017-9-10",115
"Jaylen","Tweed Water Spaniel","U",0,1,1,"2018-4-8",67
"Sterling","Manchester Terrier","M",0,1,0,"2017-9-5",65
"Nat","Vizsla","M",0,0,0,"2018-1-25",135
"Triston","Pug","F",1,1,0,"2018-2-19",115
"Walter","Cane Corso","M",1,0,1,"2017-9-15",110
"Samara","Australian Shepherd","U",0,1,1,"2017-11-11",107
"Hadley","Swedish Lapphund","F",1,1,0,"2017-12-13",85
"Adam","Whippet","F",1,1,0,"2018-3-25",43
"Karli","Paisley Terrier","M",1,0,1,"2018-1-7",61
"Ethan","Valencian Ratter","U",1,1,0,"2018-5-16",112
"Jaren","Patterdale Terrier","M",1,0,1,"2017-11-28",139
"Zella","Sinhala Hound","F",1,1,1,"2018-6-27",120
"Hortense","Black and Tan Coonhound","U",0,1,0,"2018-2-18",49
"Isobel","Blue Paul Terrier","F",1,1,1,"2018-7-8",54
"Dana","Australian Terrier","F",1,1,0,"2018-7-7",148
"Emmett","Carolina Dog","F",0,0,1,"2017-12-13",39
"Herman","Treeing Walker Coonhound","M",1,1,1,"2018-7-23",107
"Manuel","Harrier","U",1,0,1,"2018-2-23",19
"Hertha","Sapsali","U",0,1,0,"2018-7-12",96
"Reanna","American Water Spaniel","U",0,0,0,"2017-8-8",98
"Keegan","Kerry Blue Terrier","F",1,1,1,"2017-8-28",121
"Agustin","Akita","U",1,0,1,"2017-9-1",56
"Marietta","Georgian Shepherd Dog","M",1,1,1,"2018-5-2",92
"Adonis","Tibetan Mastiff","F",1,0,1,"2018-1-18",126
"Elenora","Bluetick Coonhound","F",1,1,0,"2018-4-2",73
"Zion","Miniature American Shepherd","U",0,0,1,"2018-6-12",105
"Jannie","Gran Mastín de Borínquen","F",1,1,0,"2018-4-10",41
"Anderson","Catalan Sheepdog","M",1,1,1,"2018-6-7",36
"Arlene","Small Greek Domestic Dog","F",0,1,1,"2018-5-24",76
"Joel","Papillon","U",1,0,1,"2018-4-6",111
"Annamae","English Springer Spaniel","U",1,0,0,"2018-3-14",133
"Dell","Talbot","M",0,0,1,"2018-7-27",53
"Chyna","Scottish Deerhound","M",1,0,0,"2018-3-24",32
"Chloe","Wirehaired Pointing Griffon","U",0,0,1,"2018-5-13",122
"Janis","Treeing Tennessee Brindle","U",0,0,1,"2017-11-11",88
"Marquise","Newfoundland","U",0,0,1,"2017-8-20",28
"Alexander","Shar Pei","M",1,1,1,"2017-10-3",24
"Miller","Mucuchies","F",1,0,1,"2017-10-27",24
"Alice","Puli","M",0,1,0,"2017-11-28",42
"Filomena","Elo","U",1,0,0,"2018-7-17",83
"Mandy","Bull and Terrier","M",0,1,1,"2017-10-2",135
"Rupert","Belgian Shepherd Dog (Laekenois)","F",0,0,0,"2017-9-14",117
"Mckenna","Gaddi Dog","M",0,1,0,"2017-10-21",27
"Wilma","Puli","F",1,0,1,"2017-10-7",74
"Lelia","Mucuchies","M",1,0,0,"2018-5-6",7
"Carey","Jack Russell Terrier","U",0,0,0,"2017-12-27",55
"Angel","Guatemalan Dogo","M",0,0,0,"2017-10-6",27
"Elna","Guatemalan Dogo","U",1,0,1,"2018-7-27",118
"Alfredo","Cão de Gado Transmontano","F",0,0,1,"2017-8-17",112
"Sydnie","Coton de Tulear","M",0,0,1,"2018-7-4",55
"Lottie","Cesky Terrier","M",0,0,1,"2017-11-27",93
"Ryleigh","Wirehaired Vizsla","U",1,0,0,"2018-2-2",105
"Dessie","Collie, Smooth","U",1,1,0,"2018-6-11",139
"Troy","Jämthund","U",0,0,0,"2017-12-3",61
"Aniya","Old Time Farm Shepherd","M",0,1,1,"2017-9-6",136
"Kirk","Cursinu","F",0,0,0,"2017-11-16",30
"Pat","Olde English Bulldogge","M",1,0,0,"2017-8-9",133
"Christopher","English Water Spaniel","F",1,1,0,"2018-7-17",112
"Stevie","Portuguese Pointer","F",1,0,0,"2017-9-20",34
"Brice","Alopekis","F",0,1,1,"2017-10-13",68
"Jannie","Bleu de Gascogne, Petit","F",0,1,0,"2018-7-5",31
"Camron","Maremma Sheepdog","M",0,0,0,"2017-12-18",138
"Cole","Teddy Roosevelt Terrier","F",1,0,0,"2017-10-27",146
"Julianne","Australian Terrier","M",1,0,0,"2017-9-15",41
"Myles","Šarplaninac","F",1,0,1,"2018-2-11",148
"Camren","Kai Ken","F",1,0,0,"2018-3-4",94
"Dasia","Puli","U",1,0,1,"2017-9-25",101
"Jordyn","Basset Hound","M",1,0,0,"2018-4-9",61
"Domenic","Tibetan Terrier","F",1,0,0,"2017-12-23",52
"David","Istrian Coarse-haired Hound","U",0,1,1,"2017-11-19",55
"Velma","Doberman Pinscher","U",0,1,0,"2018-3-22",137
"Hoyt","Irish Terrier","U",1,0,0,"2017-8-2",12
"Callie","Japanese Spitz","F",1,0,1,"2018-7-11",5
"Westley","Catahoula Leopard Dog","U",0,1,0,"2018-5-28",48
"Shania","Norwegian Buhund","U",1,0,1,"2017-12-19",15
"Brett","Miniature American Shepherd","U",1,0,1,"2017-8-28",49
"Arvel","Old English Terrier","F",0,1,1,"2017-11-12",131
"Beaulah","Braque du Bourbonnais","U",0,0,1,"2017-11-30",62
"Jessika","East Siberian Laika","M",1,1,1,"2017-12-25",127
"Fiona","Pomeranian","M",1,0,1,"2017-9-5",26
"Stanford","German Pinscher","M",1,1,0,"2018-1-7",137
"Adrian","Airedale Terrier","M",0,1,0,"2018-5-3",73
"Zora","Miniature Australian Shepherd","U",1,0,1,"2017-8-1",124
"Bradford","Porcelaine","U",1,0,0,"2018-3-12",126
"Jackie","Old Croatian Sighthound","M",1,0,0,"2018-4-10",54
"Roma","Puli","F",1,1,0,"2018-6-24",94
"Saige","Miniature American Shepherd","U",0,1,1,"2018-6-7",91
"Gwendolyn","Dutch Shepherd","F",1,1,0,"2017-8-2",30
"Kaylee","Podenco Canario","F",0,1,1,"2018-4-21",131
"Micheal","Patterdale Terrier","F",1,0,1,"2017-10-24",74
"Ewald","Cantabrian Water Dog","M",1,1,1,"2018-3-14",5
"Marlon","Galgo Español","U",1,0,0,"2017-11-29",39
"Araceli","Catalan Sheepdog","F",0,1,0,"2017-11-9",66
"Jamal","New Zealand Heading Dog","M",1,0,0,"2017-10-7",131
"Abdul","Keeshond","F",0,0,1,"2017-11-24",94
"Aditya","Serbian Tricolour Hound","U",0,0,1,"2018-6-7",63
"Abe","Sussex Spaniel","F",1,0,1,"2017-8-16",105
"Samara","Caucasian Shepherd Dog","F",1,0,1,"2017-12-18",147
"Cali","Drentse Patrijshond","U",0,1,0,"2018-4-8",128
"Audra","Norwegian Buhund","M",1,0,0,"2018-6-13",61
"Queenie","Old Danish Pointer","M",0,0,0,"2018-5-23",28
"Meaghan","German Spaniel","M",1,1,0,"2018-1-4",38
"Bart","Münsterländer, Large","M",0,1,1,"2018-7-23",113
"Wilbert","Alano Español","F",1,1,1,"2017-9-29",12
"Jaida","Moscow Water Dog","M",0,1,0,"2018-3-30",34
"Ruby","American Eskimo Dog","F",0,0,0,"2017-11-24",74
"Oceane","American Bulldog","U",1,0,1,"2017-11-23",25
"Eula","Grand Anglo-Français Blanc et Noir","U",1,1,0,"2018-3-9",40
"Margret","Norrbottenspets","U",0,1,0,"2018-7-27",142
"Noel","Georgian Shepherd Dog","M",1,0,1,"2018-2-27",139
"Elinor","Swedish Vallhund","M",0,1,0,"2018-4-24",28
"Brayan","Miniature Schnauzer","M",0,0,0,"2018-6-27",138
"Derick","East European Shepherd","U",1,0,1,"2017-11-4",57
"Vivianne","Southern Hound","U",1,0,1,"2017-9-25",83
"Maritza","Drever","U",0,1,1,"2018-6-10",42
"Hattie","Black Mouth Cur","U",1,0,0,"2017-8-9",27
"Kara","Toy Trawler Spaniel","M",0,0,0,"2017-9-4",8
"Adela","Polish Lowland Sheepdog","F",1,0,1,"2018-4-1",46
"Marlon","Japanese Chin","F",0,0,0,"2018-1-20",116
"Kadin","American Water Spaniel","F",1,1,0,"2018-4-23",136
"Beryl","German Shorthaired Pointer","F",0,0,0,"2018-1-5",149
"Lupe","Kumaon Mastiff","F",1,0,1,"2018-3-22",60
"Benton","Manchester Terrier","M",1,1,0,"2017-8-23",22
"Sierra","German Spaniel","M",1,1,1,"2017-11-16",17
"Kayleigh","American Akita","F",1,0,0,"2017-8-14",46
"Cleveland","Saint-Usuge Spaniel","U",0,0,1,"2018-6-25",75
"Frederick","Russo-European Laika","F",0,0,0,"2017-12-17",108
"Addie","Tenterfield Terrier","M",1,0,0,"2017-12-26",143
"Nedra","Weimaraner","M",0,0,1,"2017-11-20",150
"Pete","Blue Picardy Spaniel","M",1,0,1,"2018-6-7",49
"Giovanny","Phu Quoc Ridgeback","F",1,0,1,"2018-7-8",56
"Valentine","Wirehaired Pointing Griffon","M",1,0,0,"2018-3-12",138
"Otilia","Pungsan Dog","M",1,1,0,"2018-3-16",95
"Alexandro","Bosnian Coarse-haired Hound","M",0,0,0,"2017-9-21",69
"Earline","Japanese Spitz","F",0,1,0,"2018-3-27",61
"Sigmund","Old Croatian Sighthound","M",1,1,0,"2018-7-6",133
"Elvera","Japanese Terrier","U",1,1,0,"2017-9-8",7
"Georgette","Scotch Collie","U",0,1,0,"2018-5-29",10
"Waldo","Griffon Bruxellois","U",0,0,1,"2017-8-16",19
"Myles","Trigg Hound","F",1,0,1,"2018-2-17",132
"Nils","Basset Artésien Normand","F",0,0,0,"2017-11-16",140
"Saul","Perro de Presa Mallorquin","U",0,0,1,"2018-7-16",74
"Glenda","American Akita","F",0,1,0,"2018-6-17",57
"Chet","Tahltan Bear Dog","U",0,0,0,"2017-11-13",113
"Maude","Weimaraner","U",1,1,1,"2017-8-14",50
"Dean","Kooikerhondje","F",1,1,1,"2018-2-28",75
"Alexandro","Czechoslovakian Wolfdog","U",1,0,1,"2017-8-17",81
"Zena","Griffon Nivernais","F",1,1,0,"2018-7-13",5
"Kevin","Brazilian Terrier","M",1,0,0,"2018-5-29",123
"Jordon","Olde English Bulldogge","F",0,1,1,"2018-3-10",115
"Madge","Griffon Nivernais","M",0,0,0,"2018-1-21",150
"Nestor","Landseer","U",0,1,0,"2017-8-26",86
"Anika","Japanese Chin","F",1,1,0,"2018-3-16",124
"Nicolas","Boston Terrier","M",1,1,0,"2017-12-27",107
"Grover","Clumber Spaniel","F",0,0,1,"2018-7-19",38
"Tressa","Kerry Blue Terrier","F",0,1,1,"2018-5-14",149
"Floy","Pandikona Hunting Dog","F",1,1,0,"2017-10-21",105
"Whitney","Mahratta Greyhound","U",0,0,0,"2018-6-8",108
"Janelle","Pug","F",1,0,0,"2018-2-2",90
"Zackery","Miniature Shar Pei","M",0,0,1,"2018-2-18",9
"Lucious","Styrian Coarse-haired Hound","U",1,1,1,"2018-4-13",87
"Muriel","Small Greek Domestic Dog","U",1,0,1,"2017-11-22",102
"Kyle","Old English Terrier","U",0,1,1,"2017-10-8",52
"Elinore","Leonberger","U",1,1,1,"2017-10-25",94
"Virgie","Basset Hound","M",0,0,1,"2017-11-5",111
"Jordyn","Spanish Mastiff","F",1,0,0,"2017-9-11",83
"Chester","Magyar agár","U",1,1,1,"2018-5-18",13
"Cora","Seskar Seal Dog","F",0,1,1,"2018-1-12",11
"Mona","Polish Lowland Sheepdog","M",0,0,0,"2018-5-28",81
"Trent","Landseer","M",1,0,0,"2018-4-17",111
"Kody","Barbet","M",0,1,0,"2018-3-8",127
"Leanna","Vanjari Hound","F",1,0,1,"2018-5-12",45
"Glenda","Volpino Italiano","F",1,1,0,"2018-1-14",95
"Fausto","American Akita","F",1,0,1,"2018-6-12",141
"Tristin","Shetland Sheepdog","U",0,1,0,"2018-5-18",47
"Loyce","Caucasian Shepherd Dog","M",1,1,0,"2017-11-25",120
"Jerrold","American Eskimo Dog","M",1,1,1,"2018-2-22",91
"Tamia","Galgo Español","F",0,0,1,"2018-5-18",38
"Matt","Greek Harehound","M",1,1,0,"2017-11-21",118
"Loyce","Tweed Water Spaniel","F",1,0,1,"2018-7-7",97
"Dewayne","Tweed Water Spaniel","F",0,0,0,"2018-3-15",138
"Price","Braque Francais","M",0,1,1,"2017-8-22",41
"Gabriella","Chinese Chongqing Dog","U",1,1,0,"2017-10-12",61
"Logan","Greenland Dog","M",0,1,1,"2017-12-18",143
"Santa","Dogue de Bordeaux","M",0,0,0,"2018-4-21",69
"Harvey","Chinese Crested Dog","M",0,0,1,"2018-2-19",117
"Joshua","Tahltan Bear Dog","U",1,0,1,"2017-10-2",68
"Kali","Dutch Shepherd","F",0,0,0,"2018-2-1",136
"Jaquan","St. John's water dog","U",0,1,0,"2018-1-2",68
"Mckenna","American Bulldog","F",1,0,1,"2017-11-14",116
"Wellington","Artois Hound","U",0,1,0,"2017-9-18",79
"Laurence","Peruvian Hairless Dog","F",1,1,1,"2017-10-11",143
"Giuseppe","Entlebucher Mountain Dog","U",0,0,1,"2018-5-1",41
"Giovanny","Wirehaired Vizsla","M",1,0,0,"2017-8-23",6
"Sadye","Perro de Presa Mallorquin","M",0,1,1,"2017-12-18",61
"Mariela","Bergamasco Shepherd","U",1,1,1,"2017-11-21",6
"Mafalda","Black Norwegian Elkhound","U",0,0,0,"2018-4-12",99
"Felix","Toy Fox Terrier","F",0,0,1,"2017-10-17",98
"Maxwell","Wetterhoun","U",0,0,0,"2018-5-22",148
"Lambert","Gascon Saintongeois","F",0,0,0,"2017-7-30",148
"Myrl","Sealyham Terrier","F",0,0,0,"2018-4-16",19
"Anika","Leonberger","F",1,1,0,"2018-3-11",68
"Darryl","Brittany","U",0,1,1,"2017-12-28",43
"Shawn","Blue Lacy","M",0,1,0,"2017-9-27",112
"Raphael","Shikoku","M",1,0,0,"2018-5-18",118
"Rodrigo","Alaunt","M",0,1,0,"2018-6-10",25
"Aubree","Molossus","U",1,0,1,"2017-12-30",41
"Jammie","Samoyed","U",1,0,0,"2018-2-7",95
"Winnifred","Shiba Inu","M",0,1,0,"2018-7-25",23
"Joanne","Boerboel","U",0,0,1,"2017-12-22",95
"Helene","Norfolk Terrier","M",1,1,1,"2017-12-12",138
"Marta","Chinese Crested Dog","M",0,0,1,"2018-2-18",91
"Roman","Perro de Presa Mallorquin","M",0,0,1,"2017-10-16",79
"Tate","Estonian Hound","U",1,1,1,"2018-2-13",98
"Zoie","Lhasa Apso","U",0,1,0,"2018-4-25",130
"Camron","Burgos Pointer","M",1,0,1,"2017-8-9",47
"Velva","Bleu de Gascogne, Petit","M",0,0,0,"2018-1-2",18
"Arianna","Hare Indian Dog","M",0,0,1,"2018-7-20",13
"Alejandra","Belgian Shepherd Dog (Laekenois)","F",0,1,1,"2017-12-28",36
"Henry","Anglo-Français de Petite Vénerie","M",0,1,0,"2018-2-2",139
"Elinore","Pudelpointer","M",1,1,1,"2018-7-11",55
"Zelda","Borzoi","M",1,0,1,"2018-6-26",58
"Freda","Saarloos Wolfdog","U",1,0,1,"2018-2-13",144
"Alaina","Kromfohrländer","M",1,0,0,"2017-10-17",117
"Izabella","Shiba Inu","F",0,1,0,"2018-4-14",132
"Jonathon","Molossus of Epirus","F",0,1,0,"2018-5-9",130
"Dillan","McNab","M",0,1,0,"2017-10-23",22
"Kira","Beauceron","U",0,0,0,"2018-5-27",77
"Elnora","Soft-Coated Wheaten Terrier","M",1,0,0,"2018-5-2",123
"Bernadette","Andalusian Hound","M",1,1,0,"2018-1-6",51
"Elvie","Great Dane","U",1,0,0,"2018-1-28",63
"Evalyn","Posavac Hound","M",1,1,0,"2018-7-22",30
"Dante","Spanish Water Dog","U",1,1,0,"2017-11-9",26
"Vada","Thai Bangkaew Dog","U",1,1,1,"2017-9-12",129
"Bernie","American Staffordshire Terrier","U",0,1,1,"2017-8-6",107
"Milford","Kuvasz","F",0,1,1,"2018-7-14",24
"Yasmine","Gascon Saintongeois","M",0,0,0,"2017-11-13",59
"Bridie","Polish Tatra Sheepdog","M",1,0,0,"2018-7-20",34
"Barry","Black Mouth Cur","M",0,0,0,"2018-4-5",92
"Austin","Beagle","U",1,1,0,"2017-12-24",137
"Reuben","Peruvian Hairless Dog","U",0,0,1,"2018-3-28",48
"Heaven","Ariegeois","F",1,1,1,"2018-3-19",91
"Aletha","Mountain Cur","U",1,1,0,"2018-1-24",145
"Leland","Drentse Patrijshond","M",1,1,1,"2018-6-20",137
"Joshua","Korean Jindo","F",1,1,0,"2018-4-17",99
"Leatha","Telomian","F",1,1,1,"2017-9-29",71
"Roxane","Welsh Corgi, Cardigan","U",1,0,1,"2018-7-15",107
"Vivien","Teddy Roosevelt Terrier","U",1,1,1,"2018-3-21",90
"Annamae","Treeing Cur","M",1,0,0,"2017-10-16",15
"Brenna","North Country Beagle","F",0,1,0,"2018-4-4",80
"Lelia","Rottweiler","F",0,0,1,"2018-4-10",120
"Eloisa","Chien Français Blanc et Noir","F",1,1,1,"2017-9-11",110
"Andreane","Cirneco dell'Etna","M",0,0,1,"2018-6-11",29
"Monte","Dogo Argentino","U",1,0,1,"2018-3-20",5
"Brionna","Australian Kelpie","U",1,1,0,"2017-12-9",141
"Bradley","Olde English Bulldogge","U",1,1,1,"2017-12-23",65
"Brielle","Mackenzie River Husky","U",1,0,0,"2018-1-11",66
"Ardith","Sealyham Terrier","F",1,1,1,"2017-10-15",12
"Tessie","Anglo-Français de Petite Vénerie","F",0,1,1,"2017-10-14",51
"Darron","Bull Terrier (Miniature)","F",1,1,1,"2017-10-5",22
"Yasmin","Shetland Sheepdog","M",1,0,1,"2017-7-29",136
"Orpha","Miniature Schnauzer","U",0,1,0,"2017-8-8",145
"Judy","Japanese Chin","M",1,1,1,"2018-6-19",145
"Janet","Dandie Dinmont Terrier","M",1,0,0,"2018-5-5",64
"Marcelina","Slovenský Kopov","M",1,1,1,"2018-3-21",97
"Esteban","Cesky Terrier","M",0,1,0,"2018-2-18",137
"Ashleigh","Indian pariah dog","F",1,1,0,"2017-11-5",91
"Jarvis","Hare Indian Dog","M",0,0,0,"2018-7-27",132
"Gilda","Rajapalayam","M",0,1,1,"2017-12-29",95
"Tania","Soft-Coated Wheaten Terrier","M",1,1,0,"2018-5-19",81
"Berry","Border Terrier","M",1,1,1,"2017-9-16",145
"Ewell","Paisley Terrier","U",1,1,0,"2018-2-6",22
"Hermann","Sporting Lucas Terrier","U",0,1,1,"2018-7-5",34
"Ephraim","English Water Spaniel","F",1,1,0,"2017-12-1",114
"Madisen","Mexican Hairless Dog","M",1,1,0,"2017-10-2",8
"Forest","Portuguese Podengo","F",1,0,1,"2017-9-14",128
"Geovanny","Irish Red and White Setter","U",1,0,0,"2017-10-14",43
"Brando","Caucasian Shepherd Dog","F",1,1,1,"2018-6-14",108
"Emmy","Chilean Fox Terrier","M",1,1,1,"2018-5-14",56
"Eda","Korean Jindo","M",1,0,1,"2017-10-31",60
"Lew","Weimaraner","U",1,0,1,"2017-11-15",34
"Kyla","Norfolk Spaniel","M",1,0,0,"2017-12-16",131
"Edgar","Entlebucher Mountain Dog","M",1,1,0,"2018-1-29",91
"Furman","Taigan","F",1,1,1,"2018-5-27",145
"Murphy","Dogo Argentino","U",0,0,0,"2018-3-23",22
"Giovanni","Caucasian Shepherd Dog","F",1,1,1,"2017-10-8",52
"Clarissa","Polish Hunting Dog","M",0,1,0,"2018-7-27",52
"Cayla","Border Collie","F",1,0,0,"2018-1-12",57
"Autumn","American Hairless Terrier","F",0,1,0,"2018-6-29",80
"Christop","Shetland Sheepdog","U",1,0,1,"2018-3-31",74
"Richie","Phalène","M",0,0,1,"2018-7-22",81
"Lura","Slovenský Kopov","M",0,1,1,"2018-5-16",134
"Ally","English Springer Spaniel","U",1,0,0,"2017-12-2",77
"Britney","Schipperke","U",1,1,1,"2017-12-16",150
"Eloise","Australian Terrier","F",0,1,0,"2017-12-31",42
"Curtis","Silken Windhound","M",1,0,0,"2017-7-29",61
"Karson","Sussex Spaniel","U",1,1,0,"2018-1-20",43
"Mavis","Paisley Terrier","U",0,0,1,"2017-9-15",100
"Una","Bouvier des Ardennes","M",0,1,1,"2017-12-3",22
"Maximo","Alaskan Klee Kai","M",1,1,1,"2017-10-22",137
"Paul","Indian Spitz","F",0,1,0,"2017-8-8",70
"Issac","Russian Toy","M",1,1,1,"2017-11-21",9
"Chelsea","Alopekis","M",1,0,1,"2018-7-4",138
"Lonie","Molossus","M",1,0,1,"2017-9-29",148
"Ola","Catahoula Leopard Dog","M",0,1,0,"2017-7-29",62
"Gudrun","Welsh Corgi, Cardigan","U",0,0,0,"2018-7-26",35
"Austen","Cão de Castro Laboreiro","F",1,0,0,"2017-9-9",99
"Schuyler","Irish Red and White Setter","M",0,1,1,"2017-8-5",74
"Price","King Charles Spaniel","F",0,0,0,"2018-1-21",104
"Gussie","English Setter","F",0,1,0,"2017-12-6",58
"Gabrielle","Belgian Shepherd Dog (Malinois)","U",0,0,0,"2017-12-30",96
"Timothy","Tibetan Mastiff","M",1,0,1,"2017-10-25",73
"Sheridan","Tibetan Terrier","M",1,1,0,"2018-5-30",74
"Delmer","Alopekis","U",1,0,1,"2017-10-30",41
"Evert","Miniature Fox Terrier","M",1,1,0,"2018-4-26",51
"Ewald","Dachshund","M",0,0,1,"2017-12-1",111
"Hilma","Tibetan Mastiff","U",1,0,0,"2018-6-14",9
"Sienna","Sakhalin Husky","F",1,1,1,"2018-7-9",52
"Matteo","Valencian Ratter","M",1,0,0,"2017-10-11",122
"Marlen","Blue Picardy Spaniel","U",1,0,1,"2017-10-16",66
"Jan","Australian Shepherd","M",1,1,1,"2018-6-2",110
"Josiane","Taigan","U",1,1,1,"2017-10-13",88
"Sven","Cão da Serra de Aires","F",0,0,1,"2018-2-4",73
"Rosario","Irish Setter","U",1,1,1,"2017-11-16",32
"Vladimir","Sussex Spaniel","U",1,0,0,"2018-4-23",119
"Ervin","American Akita","U",0,1,1,"2018-4-18",33
"Darby","Tibetan Mastiff","F",1,0,0,"2017-8-1",78
"Daron","Drever","U",1,0,1,"2017-11-19",41
"Devyn","Northern Inuit Dog","M",1,1,1,"2018-7-4",132
"Leann","Lapponian Herder","F",1,1,1,"2018-3-11",30
"Makenna","Münsterländer, Small","M",1,0,0,"2018-5-19",127
"Elvera","French Bulldog","U",0,0,0,"2018-2-24",131
"Heath","Beagle-Harrier","M",0,1,0,"2018-2-21",91
"Rickie","Barbet","F",0,1,1,"2018-6-28",41
"Terry","Mucuchies","M",0,1,1,"2017-12-30",16
"Catalina","American Foxhound","F",1,0,0,"2018-1-5",80
"Lorenz","Karakachan Dog","U",1,0,0,"2017-8-4",70
"Irwin","Hortaya Borzaya","U",0,0,0,"2018-5-9",36
"Janet","Transylvanian Hound","F",1,1,0,"2018-5-12",125
"Marilyne","French Spaniel","U",0,0,1,"2017-12-9",57
"Gus","Chien-gris","U",1,1,1,"2017-12-30",146
"Audie","Rat Terrier","U",0,1,0,"2017-12-7",27
"Raul","Alpine Dachsbracke","U",1,1,0,"2018-6-24",10
"Antonina","Bavarian Mountain Hound","M",0,1,0,"2017-9-16",120
"Antonia","Rafeiro do Alentejo","F",0,0,1,"2017-11-25",92
"Watson","Cane Corso","F",1,1,0,"2018-1-14",51
"Alicia","Chow Chow","F",1,1,1,"2017-12-28",133
"Jerry","Berger Picard","U",0,0,0,"2018-2-20",63
"Candelario","Polish Hound","M",0,1,0,"2017-12-26",84
"Sydney","Basset Griffon Vendéen, Grand","F",1,1,0,"2018-2-20",85
"Isaac","Kyi-Leo","F",0,1,0,"2018-6-9",42
"Cierra","Central Asian Shepherd Dog","F",0,0,1,"2018-1-3",52
"Mireille","Hamiltonstövare","U",0,0,0,"2018-3-20",101
"Jules","Saluki","F",0,0,1,"2018-4-16",43
"Emerson","Polish Lowland Sheepdog","U",1,1,1,"2018-6-23",80
"Alexandre","Bull and Terrier","F",0,1,0,"2017-7-30",79
"Justina","Irish Red and White Setter","F",1,1,1,"2018-5-2",41
"Efrain","Lapponian Herder","U",0,1,1,"2017-9-5",111
"Madelynn","Himalayan Sheepdog","M",1,1,0,"2017-12-3",40
"Beryl","American Foxhound","U",0,0,0,"2018-1-10",103
"Mona","West Siberian Laika","M",1,0,1,"2017-8-18",92
"Jovany","Lapponian Herder","F",1,0,0,"2017-9-26",7
"Timmothy","Sporting Lucas Terrier","M",0,0,1,"2017-7-30",139
"Sibyl","Braque Francais","F",1,1,1,"2017-10-15",47
"Arnoldo","Kanni","F",0,1,1,"2018-6-23",88
"Gunner","Phu Quoc Ridgeback","F",1,1,1,"2017-9-27",39
"Amos","Sloughi","U",0,0,0,"2018-7-20",37
"Gaston","Mudi","U",1,0,0,"2018-3-2",128
"Uriah","Boston Terrier","U",1,1,1,"2018-7-21",131
"Estella","Whippet","U",1,0,1,"2018-2-11",141
"Nia","Caucasian Shepherd Dog","M",0,1,0,"2018-6-12",43
"Regan","Berger Picard","U",0,0,0,"2018-5-13",104
"Al","Norrbottenspets","M",0,1,1,"2017-8-24",65
"Jabari","Kromfohrländer","M",1,1,1,"2018-3-21",143
"Amina","Brittany","F",1,0,1,"2018-7-14",46
"Princess","Olde English Bulldogge","F",1,1,0,"2017-8-15",29
"Otis","Bucovina Shepherd Dog","F",0,0,0,"2017-9-12",79
"Marc","Pumi","F",0,1,1,"2017-9-11",88
"Ludwig","Entlebucher Mountain Dog","U",1,0,1,"2018-5-5",142
"Chelsey","Tornjak","M",0,1,0,"2017-9-18",44
"Reyes","Segugio Italiano","F",0,1,0,"2017-10-21",46
"Rosemarie","Black and Tan Coonhound","F",1,0,0,"2018-6-16",123
"Loraine","Ratonero Murciano de Huerta","U",0,0,0,"2018-5-6",19
"Lester","Tahltan Bear Dog","F",0,1,1,"2018-1-18",42
"Kory","Griffon Bruxellois","M",1,0,1,"2017-9-10",24
"Lowell","Grand Anglo-Français Tricolore","F",1,1,0,"2018-3-15",68
"Michele","Canadian Eskimo Dog","F",1,0,1,"2017-11-5",24
"Luigi","Bucovina Shepherd Dog","F",1,0,1,"2018-2-14",74
"Freeda","Cão de Gado Transmontano","M",1,0,1,"2018-7-28",142
"Keyshawn","Picardy Spaniel","F",0,1,1,"2018-4-10",97
"Judd","Kunming Wolfdog","U",1,0,1,"2018-2-27",92
"Modesta","Mudi","U",0,1,0,"2017-10-8",99
"Braxton","Australian Stumpy Tail Cattle Dog[10]","F",0,0,0,"2018-3-24",61
"Francis","Saluki","U",1,0,0,"2017-10-2",68
"Shanel","Schipperke","M",1,1,1,"2017-10-8",6
"Watson","Paisley Terrier","F",1,1,0,"2017-11-12",28
"Burdette","Border Terrier","U",1,1,0,"2018-4-27",126
"Reymundo","Basset Hound","U",0,0,0,"2018-6-19",28
"Lucius","Boxer","M",1,0,1,"2018-1-5",10
"Howard","Bolognese","U",0,0,1,"2017-12-22",43
"Libbie","Lapponian Herder","U",0,1,0,"2017-12-13",104
"Breanna","Akita","F",0,0,1,"2018-5-16",6
"Chelsey","Thai Bangkaew Dog","U",1,1,0,"2017-9-20",33
"Liliane","Giant Schnauzer","M",0,0,1,"2017-10-24",73
"Darrick","Braque Francais","M",0,0,0,"2017-8-18",99
"Emelie","St. John's water dog","M",0,1,1,"2018-4-15",133
"Nyah","Mahratta Greyhound","M",0,0,0,"2017-9-24",63
"Nadia","Wetterhoun","U",0,1,1,"2018-3-8",62
"Arden","Pont-Audemer Spaniel","U",0,1,1,"2018-5-14",66
"Maggie","Treeing Cur","F",1,0,1,"2017-12-24",122
"Lavonne","Border Collie","M",1,0,0,"2018-4-19",113
"Zachery","Azawakh","F",1,0,0,"2018-5-2",19
"Brooks","Flat-Coated Retriever","U",0,1,1,"2017-8-8",51
"Jorge","Taigan","M",1,1,0,"2017-10-28",111
"Wava","Beagle","U",1,1,1,"2018-5-23",106
"Betty","Hanover Hound","F",0,1,1,"2018-7-11",57
"Gregoria","Cão de Castro Laboreiro","F",0,1,0,"2017-11-21",150
"Micheal","Bleu de Gascogne, Petit","U",0,1,1,"2018-1-15",24
"Rodolfo","Berger Picard","U",1,0,0,"2018-5-24",23
"Magnolia","French Spaniel","M",1,1,0,"2017-12-11",52
"Maggie","Artois Hound","U",1,1,0,"2017-8-31",33
"Adrian","Japanese Chin","U",0,0,1,"2017-9-27",121
"Mittie","Standard Schnauzer","F",1,0,0,"2018-3-22",32
"Mitchel","Polish Greyhound","F",0,1,0,"2017-10-22",6
"Claudia","Flat-Coated Retriever","U",1,1,0,"2018-3-15",77
"Sydney","English Shepherd","U",1,1,0,"2018-5-4",31
"Lilian","Peruvian Hairless Dog","M",1,0,0,"2017-12-16",39
"Zoie","Border Terrier","M",1,0,0,"2017-12-16",36
"Marjory","Bloodhound","M",1,0,0,"2018-1-26",76
"Alexandra","Chow Chow","F",1,0,1,"2018-2-27",6
"Zack","Field Spaniel","U",0,0,1,"2018-3-4",86
"Cecile","Rafeiro do Alentejo","U",1,1,0,"2017-10-10",19
"Aniyah","Black Mouth Cur","M",0,0,1,"2017-9-29",53
"Joanny","Finnish Hound","U",1,1,0,"2017-11-2",138
"Haven","Croatian Sheepdog","F",0,1,1,"2018-4-2",28
"Lacey","Rottweiler","M",0,0,1,"2018-2-11",36
"Demarcus","Chien Français Tricolore","M",0,1,0,"2018-5-27",90
"Raoul","Hygenhund","F",1,1,0,"2017-10-12",49
"Florence","East European Shepherd","M",0,1,0,"2018-7-19",51
"Lilla","Pungsan Dog","U",1,1,1,"2017-11-10",77
"Ali","Segugio Italiano","M",0,0,1,"2017-11-11",52
"Berenice","German Shorthaired Pointer","U",1,1,0,"2018-5-3",76
"Elias","Tenterfield Terrier","F",0,1,1,"2017-11-28",133
"Cheyanne","Beauceron","M",1,1,1,"2018-2-9",46
"Isaias","Sinhala Hound","F",1,0,1,"2018-6-7",42
"Dale","Serbian Tricolour Hound","F",0,1,1,"2018-4-30",114
"Mireille","Australian Terrier","M",1,0,1,"2018-4-14",109
"Arlo","Alpine Mastiff","F",1,0,0,"2018-4-1",85
"Suzanne","Karst Shepherd","F",1,0,0,"2018-2-15",98
"Malika","Ariegeois","F",0,1,0,"2018-3-14",50
"Freida","Anatolian Shepherd Dog","U",1,1,1,"2017-12-26",30
"Ralph","Pug","F",1,0,0,"2017-10-30",67
"Greta","Xiasi Dog","F",1,0,0,"2018-2-17",14
"Miguel","Old Croatian Sighthound","F",0,0,1,"2017-9-17",36
"Blair","Irish Setter","F",0,0,1,"2017-7-28",40
"Xavier","Poitevin","M",0,1,0,"2018-4-6",36
"Hailie","Japanese Chin","U",0,1,0,"2018-1-18",139
"Luna","Toy Manchester Terrier","F",0,1,1,"2018-7-26",24
"Jacklyn","Cão da Serra de Aires","M",0,1,0,"2018-7-26",108
"Valentina","Galgo Español","M",1,0,0,"2018-7-3",116
"Annalise","Polish Hunting Dog","U",1,1,1,"2017-9-12",41
"Gladys","Bohemian Shepherd","U",0,0,0,"2018-3-31",26
"Gordon","Czechoslovakian Wolfdog","F",1,0,1,"2017-9-22",84
"Alden","Welsh Corgi, Pembroke","F",1,0,0,"2018-3-26",85
"Max","Australian Shepherd","M",1,0,0,"2018-2-1",13
"Liliana","Fox Terrier, Smooth","M",1,0,1,"2018-6-19",32
"Cielo","Boston Terrier","U",0,0,1,"2018-6-6",136
"Shaun","Portuguese Pointer","M",0,0,1,"2018-7-23",63
"Zoie","Phu Quoc Ridgeback","F",1,1,1,"2018-6-22",21
"Lynn","Barbet","U",1,0,0,"2018-5-26",55
"Arden","Mucuchies","F",1,0,1,"2017-10-28",112
"Demetrius","Labrador Husky","M",1,0,1,"2017-10-3",83
"Raegan","Newfoundland","U",0,1,1,"2018-3-16",144
"Iva","Australian Stumpy Tail Cattle Dog[10]","U",0,0,1,"2018-2-8",50
"Providenci","Carolina Dog","M",0,0,1,"2017-10-24",61
"Dayana","Alpine Mastiff","M",0,1,0,"2018-5-20",112
"Jaylen","Braque d'Auvergne","F",1,1,0,"2017-9-15",125
"Hillard","Pekingese","U",1,0,1,"2018-2-4",83
"Clair","Bedlington Terrier","U",0,1,0,"2018-3-3",112
"Angelo","Smålandsstövare","M",0,0,0,"2018-3-17",67
"Conner","American Akita","F",1,1,1,"2017-11-27",59
"Brandt","Posavac Hound","M",0,0,0,"2017-9-25",112
"Edgardo","Grand Griffon Vendéen","M",1,1,0,"2018-6-28",104
"Davonte","Moscow Water Dog","U",1,0,1,"2018-4-5",67
"Ardith","Lagotto Romagnolo","U",1,0,0,"2018-4-25",49
"Finn","Chow Chow","U",0,0,0,"2017-12-1",98
"Olin","Lancashire Heeler","F",1,1,1,"2018-1-28",9
"Alayna","Komondor","U",0,1,0,"2018-3-1",54
"Kallie","Basset Hound","U",1,0,1,"2017-9-17",64
"Fernando","Russian Spaniel","F",0,0,0,"2017-9-21",133
"Arno","Chien Français Blanc et Orange","F",0,0,0,"2018-1-18",142
"Linnie","Bouvier des Ardennes","M",0,0,1,"2018-5-12",30
"Brigitte","Japanese Chin","M",0,0,1,"2017-9-6",46
"Fae","Treeing Cur","M",1,1,0,"2018-2-3",112
"Aiyana","American Bulldog","U",1,1,1,"2018-7-7",104
"Rossie","Transylvanian Hound","M",0,0,0,"2017-8-3",84
"Alize","Shih Tzu","M",1,0,1,"2017-12-28",69
"Clifford","Siberian Husky","U",0,1,1,"2018-3-23",122
"Jazmin","Chippiparai","M",1,1,0,"2017-11-21",110
"Enrico","Leonberger","U",1,0,1,"2017-9-5",93
"Clark","Münsterländer, Small","U",0,0,0,"2017-12-8",24
"Albin","Bolognese","F",0,1,0,"2017-10-26",109
"Emma","East European Shepherd","F",1,1,1,"2018-6-15",92
"Lea","German Wirehaired Pointer","U",1,1,1,"2017-9-27",9
"Retha","Portuguese Pointer","M",1,1,0,"2018-2-26",6
"Elda","Akita","U",0,1,1,"2018-1-21",95
"Demetrius","King Shepherd","F",1,0,1,"2017-10-13",65
"Ted","American Water Spaniel","U",1,0,0,"2017-12-20",13
"Rodger","Lapponian Herder","F",0,0,1,"2017-11-22",23
"Mose","Shar Pei","M",0,0,0,"2018-4-7",72
"Nyah","Bluetick Coonhound","U",0,1,1,"2018-2-8",94
"Nicola","Black and Tan Coonhound","M",1,0,1,"2017-12-31",138
"Brigitte","Cão Fila de São Miguel","F",0,0,1,"2017-12-22",70
"Leone","Borzoi","M",0,1,1,"2017-10-10",19
"Madalyn","Cão Fila de São Miguel","F",1,1,0,"2017-12-16",49
"Gertrude","St. Bernard","U",0,1,1,"2018-3-5",137
"Jerrell","Thai Ridgeback","F",1,1,0,"2018-4-4",103
"Amari","Basenji","F",0,0,1,"2017-8-1",116
"Dolly","Swedish Vallhund","M",1,0,0,"2017-9-23",124
"Ed","Russian Toy","M",0,0,1,"2018-4-26",110
"Robb","Bull Terrier (Miniature)","F",0,0,0,"2017-9-22",136
"Sandra","Porcelaine","M",1,0,1,"2017-9-15",6
"Guadalupe","Neapolitan Mastiff","F",0,1,1,"2017-10-15",47
"Trenton","English Toy Terrier (Black & Tan)","M",0,0,0,"2018-5-18",112
"Hettie","Schipperke","F",0,0,1,"2018-1-14",88
"Reilly","Border Terrier","U",1,0,1,"2018-5-27",72
"Warren","Norrbottenspets","M",1,1,0,"2018-1-11",65
"Rubye","Golden Retriever","U",1,0,1,"2017-8-22",24
"Julian","Parson Russell Terrier","U",1,0,1,"2017-11-3",113
"Maximillia","Fox Terrier, Smooth","U",0,1,1,"2018-6-4",14
"Jaquelin","Italian Greyhound","U",1,1,1,"2018-5-2",79
"Manuela","Norfolk Terrier","M",1,0,1,"2018-1-30",141
"Cora","Griffon Bleu de Gascogne","U",1,1,0,"2017-9-29",109
"Lucienne","Neapolitan Mastiff","U",0,0,0,"2018-1-6",58
"Frankie","Schweizerischer Niederlaufhund","M",0,1,0,"2017-12-18",124
"Carlee","Polish Lowland Sheepdog","U",0,1,0,"2017-9-4",57
"Omer","Fila Brasileiro","F",0,0,1,"2018-1-16",10
"Devon","Rajapalayam","M",1,0,1,"2018-1-19",138
"Verdie","Sporting Lucas Terrier","F",1,0,1,"2017-11-30",44
"Caesar","Australian Cattle Dog","F",0,0,1,"2017-8-8",24
"Hipolito","Portuguese Pointer","M",1,1,0,"2018-4-10",44
"Tierra","Field Spaniel","U",0,0,1,"2018-3-16",81
"Malvina","Norrbottenspets","F",0,0,1,"2017-10-25",10
"Bulah","Norrbottenspets","M",1,1,1,"2018-2-15",112
"Cameron","Dandie Dinmont Terrier","F",1,1,1,"2017-11-15",149
"Chelsie","French Brittany","M",1,1,1,"2017-11-16",37
"Loy","Treeing Walker Coonhound","U",1,0,1,"2018-3-30",97
"Leon","Kyi-Leo","F",0,0,1,"2017-11-27",134
"Enrico","Plummer Terrier","F",1,0,1,"2018-4-11",29
"Christ","Cão Fila de São Miguel","F",1,1,0,"2018-4-21",117
"Ona","Border Terrier","U",0,0,1,"2017-11-29",98
"Laisha","Thai Ridgeback","F",0,0,1,"2018-3-5",61
"Aurelia","Sussex Spaniel","F",0,0,0,"2018-2-4",46
"Nathanial","Gordon Setter","U",0,0,0,"2018-7-19",132
"Else","Sussex Spaniel","M",1,0,0,"2017-8-13",46
"Jannie","Gran Mastín de Borínquen","F",1,1,1,"2017-8-30",126
"Ahmad","Porcelaine","U",1,1,1,"2017-9-16",134
"Concepcion","Pharaoh Hound","F",0,0,1,"2017-10-21",75
"Major","Karelian Bear Dog","M",0,1,1,"2018-4-18",54
"Lura","Podenco Canario","U",0,0,1,"2017-9-10",76
"Christophe","Tornjak","U",0,0,1,"2018-2-19",87
"Carole","Grand Anglo-Français Blanc et Orange","M",1,0,1,"2017-9-24",93
"Katharina","Sinhala Hound","F",1,0,1,"2018-3-5",11
"Skye","Kintamani","F",0,0,1,"2018-1-23",139
"Jessika","Great Pyrenees","F",0,0,1,"2018-5-18",129
"Frank","Sabueso fino Colombiano","M",1,0,0,"2017-10-19",53
"Doris","Koolie","F",0,0,1,"2018-1-13",129
"Jett","Tornjak","U",1,0,1,"2018-6-9",12
"Litzy","Japanese Chin","M",1,0,0,"2017-9-18",28
"Elena","Hare Indian Dog","M",1,1,0,"2018-7-12",125
"Laverna","Mackenzie River Husky","U",0,0,1,"2018-1-10",99
"Beverly","Garafian Shepherd","M",0,0,1,"2017-11-16",14
"Romaine","Otterhound","U",0,0,0,"2018-3-7",29
"Werner","Austrian Black and Tan Hound","M",1,0,1,"2018-4-19",63
"Gerard","Bullenbeisser","M",0,0,1,"2017-11-30",52
"Larue","Australian Silky Terrier","U",0,0,0,"2018-2-16",68
"Tara","Russell Terrier","F",1,0,0,"2018-1-24",106
"Tabitha","Beagle","U",0,1,1,"2018-7-16",130
"Claude","German Shepherd Dog","M",1,1,1,"2018-5-4",94
"Zachery","Segugio Italiano","U",1,0,1,"2018-7-25",130
"Marcel","Segugio Italiano","F",1,1,0,"2017-10-5",134
"Leanna","Pyrenean Mastiff","U",0,0,0,"2018-3-14",45
"Josephine","Jagdterrier","F",0,0,1,"2017-11-18",142
"Ashleigh","American Staffordshire Terrier","U",0,1,1,"2018-3-10",30
"Selina","Chien Français Blanc et Noir","M",0,0,1,"2017-10-6",33
"Hermina","Japanese Terrier","M",1,1,1,"2018-7-21",115
"Estefania","Artois Hound","F",1,0,0,"2017-11-13",94
"Ressie","Bloodhound","F",1,1,0,"2017-9-12",73
"Marty","Cursinu","M",1,0,1,"2018-4-18",68
"Hilma","German Spaniel","F",0,0,0,"2018-5-21",33
"Garett","Aidi","M",1,1,1,"2017-8-2",91
"Ceasar","Segugio Italiano","M",1,0,1,"2018-2-22",17
"Emelie","German Shepherd Dog","M",1,0,1,"2018-7-14",99
"Lincoln","Valencian Ratter","F",0,1,0,"2017-11-10",134
"Will","Münsterländer, Large","U",1,0,0,"2017-12-19",46
"Lilliana","American Eskimo Dog","U",1,0,1,"2017-10-22",12
"Avis","Rajapalayam","U",1,1,0,"2018-3-10",19
"Unique","Griffon Bruxellois","F",1,0,1,"2018-2-10",72
"Devonte","Old English Sheepdog","U",0,1,0,"2017-9-28",8
"Suzanne","Andalusian Hound","U",0,1,0,"2018-6-1",66
"Maude","American Water Spaniel","M",0,1,0,"2018-2-14",106
"Shanny","Bluetick Coonhound","F",1,1,0,"2017-8-15",126
"Damian","American Bulldog","M",1,1,1,"2018-2-28",7
"Norberto","Kishu Ken","U",0,0,0,"2018-3-28",22
"Earline","Magyar agár","M",1,1,0,"2017-12-7",99
"Jedidiah","Old English Sheepdog","M",0,0,0,"2017-11-25",18
"Horace","Kuvasz","M",1,1,0,"2018-4-19",70
"Augustine","Black Russian Terrier","U",0,0,1,"2017-12-24",45
"Edward","Hanover Hound","U",1,0,1,"2018-2-4",64
"Maryam","Andalusian Hound","U",1,1,0,"2017-11-27",127
"Alysha","German Spitz","M",0,1,1,"2017-11-6",14
"Isadore","Bloodhound","U",0,0,1,"2018-4-19",6
"Osborne","Pug","F",0,1,1,"2018-3-26",50
"Vernon","Polish Hunting Dog","F",0,0,1,"2018-2-24",140
"Leonard","Tornjak","U",1,1,1,"2018-7-7",77
"Lauren","Bernese Mountain Dog","F",0,1,1,"2017-10-8",65
"Crystel","Havanese","U",0,0,1,"2017-10-10",98
"Kenna","Galgo Español","M",0,0,0,"2017-11-21",6
"Dillan","Danish-Swedish Farmdog","F",0,1,1,"2018-3-8",139
"Jarvis","Alano Español","U",1,0,1,"2017-9-28",79
"Karelle","Redbone Coonhound","U",0,0,0,"2018-2-20",101
"Hilma","Bull Terrier","U",0,1,1,"2017-8-21",18
"Gerda","Finnish Spitz","F",1,0,1,"2018-2-16",102
"Bertha","Slovenský Kopov","U",1,0,0,"2018-7-25",146
"Seth","Pumi","U",0,0,0,"2018-4-22",30
"Nico","Austrian Black and Tan Hound","M",0,1,1,"2017-11-29",129
"Claud","Griffon Fauve de Bretagne","U",0,0,0,"2017-12-30",8
"Arianna","Fila Brasileiro","F",0,0,1,"2017-12-25",32
"Louisa","Montenegrin Mountain Hound","U",1,1,1,"2017-9-10",139
"Lindsay","Xiasi Dog","F",0,1,0,"2017-12-23",16
"Rosalee","Sabueso fino Colombiano","M",1,1,0,"2018-2-22",92
"Nelle","Billy","U",1,1,1,"2017-12-24",119
"Armand","Tibetan Terrier","F",1,1,0,"2017-8-13",77
"Daron","Scotch Collie","U",1,0,1,"2018-5-13",146
"Fletcher","Alano Español","F",1,0,0,"2018-6-25",106
"Camilla","Rat Terrier","M",0,1,0,"2018-7-15",98
"Berneice","English White Terrier","F",0,0,1,"2017-8-31",16
"Alysha","Romanian Mioritic Shepherd Dog","F",0,1,1,"2017-7-28",136
"Eleonore","Picardy Spaniel","F",0,0,0,"2017-8-3",32
"Nasir","Ratonero Valenciano","U",0,1,0,"2018-3-28",117
"Lavada","Kurī","M",1,0,1,"2017-12-4",136
"Lonny","Chien Français Blanc et Orange","M",0,1,1,"2018-4-29",86
"Vivien","Rafeiro do Alentejo","U",0,1,1,"2018-3-4",9
"Fay","Basque Shepherd Dog","F",1,0,0,"2018-5-16",44
"Derrick","Shih Tzu","U",1,1,0,"2018-3-9",143
"Nelson","Mountain Cur","M",0,1,1,"2018-5-17",137
"Israel","Cursinu","M",1,0,1,"2017-10-12",91
"Henderson","Grand Anglo-Français Blanc et Noir","M",0,0,0,"2017-12-6",99
"Lonie","St. John's water dog","M",0,1,1,"2018-5-9",136
"Emelia","Russian Spaniel","F",1,0,0,"2017-10-22",52
"Destin","Appenzeller Sennenhund","F",1,0,1,"2017-11-3",18
"Johnathon","Kooikerhondje","F",0,0,1,"2018-6-30",80
"Mckenzie","Cão Fila de São Miguel","F",1,1,0,"2018-3-14",44
"Gerhard","Galgo Español","U",1,1,1,"2017-10-1",22
"Terry","Pug","M",1,0,1,"2017-12-9",137
"Erika","Sabueso Español","U",0,0,0,"2018-2-7",74
"Halle","Taiwan Dog","F",0,0,1,"2017-10-9",75
"Novella","Lancashire Heeler","F",1,0,1,"2018-1-26",76
"Dane","Clumber Spaniel","F",0,0,0,"2017-12-9",59
"Leopold","Belgian Shepherd Dog (Tervuren)","U",0,0,0,"2017-10-9",41
"Lucious","Austrian Black and Tan Hound","F",0,0,0,"2018-7-20",132
"Mariane","Grand Anglo-Français Blanc et Noir","U",1,0,0,"2017-9-29",51
"Triston","Molossus of Epirus","M",1,0,0,"2017-8-18",57
"Treva","Neapolitan Mastiff","M",1,0,1,"2017-9-15",36
"Eldora","Jack Russell Terrier","M",0,1,1,"2017-12-2",77
"Elbert","Scottish Deerhound","U",1,0,1,"2017-9-13",134
"Thalia","Hamiltonstövare","M",0,1,0,"2018-1-8",38
"Tatyana","Cesky Fousek","F",1,1,1,"2018-6-25",121
"Ericka","Estonian Hound","F",1,1,1,"2018-1-26",31
"Solon","Rhodesian Ridgeback","M",1,0,0,"2018-1-22",27
"Kira","Beauceron","U",0,1,1,"2018-2-13",36
"Stevie","Schipperke","M",1,1,0,"2018-2-2",93
"Roger","Wirehaired Vizsla","U",0,1,1,"2018-2-6",85
"Milan","Sloughi","F",1,1,0,"2017-9-28",96
"Petra","Portuguese Water Dog","U",1,1,0,"2017-8-13",145
"Anais","Alaskan Klee Kai","M",0,0,0,"2017-9-13",43
"Braulio","American Eskimo Dog","M",1,1,1,"2018-5-30",134
"Gene","Shih Tzu","U",0,1,0,"2017-12-20",20
"Aryanna","Bucovina Shepherd Dog","U",0,1,0,"2017-8-26",76
"Vickie","Welsh Sheepdog","F",1,0,0,"2017-11-13",43
"Abdul","Grand Anglo-Français Blanc et Noir","U",0,1,1,"2018-5-13",127
"Dell","Estrela Mountain Dog","M",1,1,1,"2018-7-22",105
"Brock","Flat-Coated Retriever","F",0,1,1,"2018-4-19",40
"Connie","Paisley Terrier","U",0,0,0,"2017-11-19",92
"Kyla","Sabueso fino Colombiano","F",0,1,0,"2017-11-6",115
"Deion","Schillerstövare","F",1,0,0,"2017-9-10",72
"Mariela","Chesapeake Bay Retriever","F",0,1,0,"2018-2-20",134
"Ralph","Bolognese","F",0,0,1,"2017-10-23",139
"Riley","Segugio Italiano","M",1,1,0,"2017-8-12",34
"Autumn","Alaskan Malamute","F",0,0,1,"2017-10-18",46
"Tracey","North Country Beagle","M",1,0,0,"2017-11-5",47
"Vivien","Bearded Collie","M",1,1,1,"2018-3-3",8
"Trevor","Telomian","M",0,0,0,"2017-9-30",21
"Cordia","Hamiltonstövare","M",0,1,0,"2018-5-27",55
"Etha","Treeing Tennessee Brindle","U",1,0,0,"2018-5-4",114
"Maximillia","Mackenzie River Husky","U",1,0,0,"2018-6-24",96
"Jessy","Volpino Italiano","F",1,1,1,"2018-6-30",96
"Marcellus","Australian Stumpy Tail Cattle Dog[10]","M",1,0,1,"2018-3-17",12
"Kennedy","Taigan","M",0,1,1,"2017-8-20",92
"Bernie","Shih Tzu","M",0,1,1,"2018-1-16",39
"Kennedi","Vanjari Hound","F",1,0,0,"2018-2-3",110
"Luciano","Spanish Mastiff","M",0,0,1,"2017-10-16",72
"Angel","Bullenbeisser","M",1,1,0,"2017-11-5",21
"Hershel","Lakeland Terrier","U",1,1,0,"2017-10-3",32
"Carolyn","Mudhol Hound","U",1,0,1,"2018-2-2",18
"Merlin","Australian Silky Terrier","U",1,0,1,"2018-6-27",72
"Lonie","Basset Griffon Vendéen, Grand","M",0,1,1,"2017-8-21",37
"Blair","Kaikadi","U",1,0,0,"2018-1-13",116
"Marcella","Cirneco dell'Etna","F",0,1,1,"2018-3-21",105
"Gayle","Seppala Siberian Sleddog","M",0,0,1,"2017-7-29",101
"Cathryn","Indian Spitz","U",0,1,0,"2018-7-22",7
"Shakira","Griffon Nivernais","F",1,0,0,"2018-2-19",76
"Clarissa","American English Coonhound","M",0,1,1,"2017-11-9",107
"Frankie","Barbet","F",1,1,0,"2018-1-9",122
"Claude","Dalmatian","M",1,1,1,"2017-11-6",88
"Kennedy","East European Shepherd","F",1,1,1,"2017-10-22",142
"Leann","Posavac Hound","U",0,1,0,"2018-6-24",19
"Isai","Alpine Spaniel","U",1,1,1,"2018-2-25",43
"Felicita","Basset Fauve de Bretagne","U",0,0,0,"2018-2-4",45
"Friedrich","Norwegian Elkhound","M",1,0,0,"2017-9-5",120
"Mathilde","Pražský Krysařík","F",1,0,1,"2018-1-7",124
"Charlie","Wirehaired Vizsla","M",1,0,1,"2018-6-12",104
"Ali","Kooikerhondje","F",0,0,0,"2018-3-14",53
"Scottie","Beauceron","F",0,1,1,"2017-10-13",131
"Tia","Polish Lowland Sheepdog","U",0,0,0,"2018-6-24",103
"Riley","Patterdale Terrier","F",1,1,1,"2018-5-10",92
"Sebastian","Norwegian Lundehund","F",1,0,0,"2017-10-7",61
"Francisco","Bedlington Terrier","M",1,0,0,"2018-3-31",117
"Carmella","Black Russian Terrier","M",0,0,1,"2018-4-17",80
"Juana","Russo-European Laika","M",0,0,0,"2018-5-11",58
"Aniyah","Carolina Dog","M",1,0,0,"2018-1-18",19
"Elwin","Boykin Spaniel","M",0,0,1,"2017-8-5",83
"Theodore","King Charles Spaniel","F",1,0,1,"2018-5-22",87
"Landen","Beauceron","U",1,0,0,"2018-2-27",114
"Anabel","Braque Saint-Germain","M",1,0,0,"2018-3-16",108
"Stanley","Chinese Imperial Dog","U",0,0,0,"2017-9-11",124
"Pasquale","Lagotto Romagnolo","M",1,0,1,"2018-1-14",148
"Sharon","Thai Bangkaew Dog","F",1,0,0,"2017-9-14",14
"Ella","Welsh Sheepdog","U",1,0,1,"2017-12-16",26
"Efren","Hortaya Borzaya","F",0,0,0,"2017-11-21",84
"Tavares","American Cocker Spaniel","M",1,0,1,"2018-1-16",26
"Shanelle","Boerboel","M",0,1,0,"2017-10-16",21
"Noel","Bearded Collie","U",0,0,0,"2017-9-6",43
"Bailey","Boerboel","U",1,1,1,"2017-8-27",25
"Maxwell","Galgo Español","M",0,1,0,"2017-8-28",98
"Brittany","Labrador Retriever","U",0,0,0,"2018-6-9",91
"Dock","Shih Tzu","M",1,0,1,"2017-9-9",111
"Baron","Rajapalayam","F",1,1,0,"2017-9-11",76
"Zula","Hare Indian Dog","U",1,0,0,"2018-6-1",12
"Ephraim","Schweizerischer Niederlaufhund","U",0,0,0,"2017-10-23",22
"Lina","Jämthund","F",1,0,0,"2017-12-3",42
"Katelynn","Cantabrian Water Dog","M",0,0,0,"2018-7-1",45
"Elise","Belgian Shepherd Dog (Groenendael)","U",0,0,0,"2017-11-21",56
"Justice","Catalan Sheepdog","F",0,0,0,"2018-6-18",56
"Casimer","Kunming Wolfdog","F",0,0,1,"2017-9-16",134
"Davon","Welsh Corgi, Cardigan","U",1,0,0,"2017-9-28",12
"Penelope","Rampur Greyhound","F",1,1,0,"2018-2-20",138
"Paige","Elo","M",1,0,0,"2017-10-20",122
"Sally","Blue Paul Terrier","F",0,1,0,"2017-11-2",60
"Sandy","Australian Terrier","F",1,1,0,"2018-5-31",81
"Isaias","American Water Spaniel","U",1,0,1,"2018-4-16",147
"Jacky","Lagotto Romagnolo","U",0,0,1,"2018-1-24",126
"Margot","Samoyed","M",0,0,0,"2017-10-31",86
"Ladarius","Kintamani","U",1,0,0,"2018-4-27",39
"Mae","Greek Harehound","U",1,0,1,"2017-9-28",121
"Alyce","Old Time Farm Shepherd","U",1,0,0,"2018-7-2",120
"Josefina","Griffon Bruxellois","M",0,1,1,"2017-8-7",27
"Rupert","Slovak Cuvac","U",1,1,1,"2018-6-10",109
"Treva","Norfolk Terrier","F",0,1,0,"2018-3-16",119
"Modesto","Toy Fox Terrier","F",0,0,1,"2018-7-21",71
"Antonina","Cairn Terrier","F",0,1,0,"2017-12-16",110
"Rod","Puli","M",0,1,1,"2017-11-17",35
"Darian","Schweizerischer Niederlaufhund","M",0,1,1,"2018-1-7",114
"Cora","Kyi-Leo","M",1,1,0,"2017-10-18",104
"Pink","Belgian Shepherd Dog (Groenendael)","U",0,1,1,"2018-3-14",51
"Ulices","Perro de Presa Canario","F",0,1,0,"2018-7-16",148
"Bulah","Hokkaido","M",1,0,0,"2018-3-1",29
"Jasmin","Japanese Chin","F",1,1,0,"2017-10-31",115
"Herbert","Hokkaido","U",1,1,0,"2018-7-7",47
"Bennett","Ariegeois","U",1,1,1,"2018-2-5",37
"Evans","Field Spaniel","F",0,0,0,"2018-4-27",12
"Lucie","Schweizer Laufhund","F",0,1,1,"2018-6-6",109
"Ayana","Toy Bulldog","U",0,1,0,"2018-5-20",96
"Camron","Kurī","M",1,0,1,"2018-6-7",109
"Donny","Podenco Canario","M",0,0,1,"2017-12-19",139
"Amari","Seskar Seal Dog","M",0,1,1,"2017-11-30",47
"Mariane","Griffon Bleu de Gascogne","F",1,0,1,"2018-7-10",19
"Katherine","Borzoi","U",0,0,1,"2018-4-23",96
"Gunner","Bloodhound","M",1,0,1,"2018-4-11",134
"Jayda","Harrier","M",0,0,1,"2017-11-29",42
"Ali","Dandie Dinmont Terrier","F",1,0,0,"2018-6-22",78
"Seamus","Cão de Gado Transmontano","F",0,0,0,"2017-8-13",76
"Alexandrea","Collie, Smooth","M",1,0,0,"2017-10-12",135
"Chris","Löwchen","M",0,1,1,"2017-8-12",13
"Candido","Poodle","M",1,1,1,"2017-12-27",35
"Krista","Bearded Collie","U",0,0,1,"2018-4-6",137
"Frankie","Golden Retriever","M",0,0,0,"2017-12-6",129
"Sterling","Cairn Terrier","U",0,1,1,"2017-11-15",91
"Amina","Boston Terrier","F",1,0,0,"2018-2-27",145
"Jailyn","Kromfohrländer","U",0,1,1,"2017-11-12",104
"Oral","American Eskimo Dog","F",0,1,0,"2018-1-12",101
"Lucinda","Pug","F",1,1,1,"2018-3-29",81
"Americo","Pyrenean Mastiff","U",0,0,0,"2018-3-26",112
"Julian","Cantabrian Water Dog","F",0,1,0,"2018-5-21",19
"David","Mastiff","M",1,0,1,"2018-3-19",112
"Orin","Maremma Sheepdog","M",0,0,1,"2018-5-18",35
"Dock","Black Norwegian Elkhound","U",0,0,1,"2018-2-21",72
"Brooks","Moscow Watchdog","F",1,0,1,"2018-4-23",109
"Lulu","English White Terrier","M",1,1,1,"2018-6-22",126
"Iliana","Australian Silky Terrier","F",0,0,0,"2017-8-30",59
"Rollin","Collie, Smooth","M",0,0,1,"2017-11-16",12
"Jacynthe","Cane Corso","U",0,0,0,"2017-12-20",107
"Joany","Blue Lacy","F",1,0,1,"2017-11-25",61
"Tess","Tweed Water Spaniel","M",0,0,0,"2018-2-17",141
"Clifton","Giant Schnauzer","F",1,0,0,"2017-10-20",94
"Pierre","Chinook","F",1,0,1,"2018-3-28",117
"Ashton","Rhodesian Ridgeback","F",0,1,0,"2017-8-23",18
"Damon","Australian Silky Terrier","M",0,1,0,"2018-3-27",84
"Kelsi","Fox Terrier, Smooth","U",0,0,1,"2018-6-10",110
"Noemi","Hovawart","U",0,1,1,"2018-2-4",19
"Maverick","Saint-Usuge Spaniel","U",0,0,1,"2017-12-26",54
"Felicity","Polish Lowland Sheepdog","U",1,0,0,"2018-4-3",40
"Elvie","American Akita","U",0,1,0,"2017-11-12",34
"Idell","Mudi","M",1,0,0,"2018-5-25",83
"Karen","Border Collie","U",1,1,0,"2017-11-28",68
"Jay","Alpine Spaniel","U",0,0,0,"2017-9-23",88
"Asia","Ratonero Valenciano","F",1,1,1,"2018-2-19",30
"Pat","Pungsan Dog","U",1,1,0,"2018-6-5",45
"Lysanne","Patterdale Terrier","F",1,1,0,"2017-8-24",17
"Clarabelle","White Shepherd","M",1,0,1,"2017-10-27",46
"Mafalda","Lhasa Apso","U",1,1,1,"2018-5-18",68
"Hanna","Austrian Pinscher","F",0,1,1,"2018-2-8",88
"Kelli","Broholmer","U",1,1,1,"2018-6-25",53
"Jess","Ratonero Murciano de Huerta","M",1,1,1,"2018-2-17",110
"Trey","Puli","U",1,0,0,"2017-12-15",144
"Taylor","Staffordshire Bull Terrier","U",1,0,1,"2018-3-1",14
"Muriel","American Foxhound","U",0,0,1,"2018-5-27",87
"Wellington","Caucasian Shepherd Dog","F",1,1,1,"2017-11-4",121
"Candice","Chien Français Tricolore","M",1,1,1,"2018-1-19",60
"Jabari","Puli","U",1,0,1,"2018-1-14",35
"Lincoln","Toy Fox Terrier","U",1,0,1,"2018-1-6",81
"Trevor","Chippiparai","F",1,1,0,"2017-9-30",44
"Josie","Spinone Italiano","U",1,0,0,"2018-2-22",117
"Orlando","Alaskan Malamute","U",1,1,1,"2018-7-15",143
"Kiley","Southern Hound","F",1,1,0,"2018-6-17",25
"Eriberto","Tenterfield Terrier","M",1,1,0,"2017-8-24",75
"Edythe","Bearded Collie","M",1,1,1,"2017-10-25",28
"Monte","Berger Picard","U",1,0,1,"2017-10-28",50
"Nathaniel","Posavac Hound","U",0,1,0,"2018-6-26",9
"Nicholas","Blue Lacy","F",1,1,1,"2017-9-4",17
"Willis","Polish Hound","F",1,0,1,"2018-2-17",144
"Kathlyn","Bleu de Gascogne, Petit","M",1,1,1,"2017-12-7",37
"Daron","Fox Terrier, Wire","U",1,1,1,"2018-2-23",82
"Quinten","Seppala Siberian Sleddog","M",1,1,0,"2018-3-31",88
"Mellie","Schweizer Laufhund","U",1,1,1,"2017-7-28",8
"Aubrey","Pharaoh Hound","U",1,1,0,"2017-8-27",38
"Maximilian","Norwich Terrier","F",0,0,0,"2018-4-25",80
"Velva","Saluki","F",0,0,0,"2017-9-23",38
"Katheryn","Westphalian Dachsbracke","U",0,1,1,"2018-7-27",72
"Deshaun","Portuguese Pointer","F",1,0,1,"2017-10-18",40
"Marilyne","Norwegian Buhund","U",1,0,0,"2017-9-21",149
"Ryleigh","Karelian Bear Dog","U",0,1,1,"2017-9-13",97
"Madisen","Chippiparai","F",1,1,0,"2017-10-26",124
"Marjorie","Burgos Pointer","F",0,1,1,"2018-5-26",141
"Elwin","North Country Beagle","U",1,0,1,"2018-7-9",131
"Brycen","Basenji","M",1,0,1,"2018-4-3",5
"Chelsey","Havanese","U",1,1,1,"2017-9-15",133
"Tito","Soft-Coated Wheaten Terrier","M",1,0,0,"2017-11-22",21
"Mabel","Molossus of Epirus","F",1,0,1,"2017-11-4",104
"Korbin","Alaunt","F",0,1,1,"2017-12-17",33
"Alison","Miniature Shar Pei","U",0,1,0,"2018-5-15",28
"Freeda","Croatian Sheepdog","M",1,1,1,"2018-1-3",45
"Amina","Labrador Husky","U",0,1,1,"2018-4-2",92
"Jesus","Picardy Spaniel","F",1,0,1,"2018-7-1",144
"Letha","Bearded Collie","U",1,1,0,"2018-4-20",97
"Connor","Weimaraner","M",1,1,1,"2018-2-6",133
"Christelle","Tyrolean Hound","M",0,1,0,"2017-9-30",129
"Audie","Bracco Italiano","M",0,1,1,"2018-2-15",21
"Mariane","Lithuanian Hound","U",0,0,0,"2018-6-27",149
"Octavia","Miniature Pinscher","F",1,1,0,"2018-5-8",13
"Mackenzie","Old Danish Pointer","M",0,1,0,"2017-7-30",98
"Brianne","Hanover Hound","U",1,1,0,"2017-8-1",13
"Leif","Norwegian Lundehund","U",1,1,0,"2017-11-23",42
"Herminia","Staffordshire Bull Terrier","M",0,1,1,"2018-7-28",122
"Abagail","Grand Anglo-Français Blanc et Noir","F",0,0,1,"2017-9-3",100
"Toy","Bernese Mountain Dog","F",1,1,0,"2017-9-18",64
"Clark","Vizsla","U",0,1,1,"2017-11-3",36
"Donnell","Pražský Krysařík","U",1,1,0,"2018-1-23",107
"Ericka","Sakhalin Husky","M",1,1,1,"2017-8-16",118
"Lolita","Norwegian Elkhound","F",1,1,1,"2017-11-25",120
"Jalyn","Belgian Shepherd Dog (Tervuren)","U",0,0,0,"2018-3-18",149
"Jarret","Old Danish Pointer","U",1,0,0,"2018-7-9",54
"Jaylon","Miniature Australian Shepherd","M",0,0,1,"2017-12-28",57
"Emil","Belgian Shepherd Dog (Groenendael)","M",0,0,0,"2018-3-17",51
"Jeffry","Ratonero Murciano de Huerta","U",1,0,0,"2018-3-19",66
"Otis","Toy Manchester Terrier","U",0,1,0,"2017-11-4",45
"Marielle","Dogo Cubano","F",0,0,1,"2017-12-24",89
"Aletha","Italian Greyhound","M",0,1,1,"2018-7-4",143
"Wellington","Old German Shepherd Dog","M",0,1,1,"2017-11-25",39
"Eve","Croatian Sheepdog","U",1,1,1,"2017-8-17",121
"Lavon","Fila Brasileiro","M",1,0,0,"2018-3-3",58
"Joey","Chinese Imperial Dog","U",1,0,1,"2018-3-9",143
"Nia","Brittany","M",0,0,1,"2018-5-16",88
"Domenic","Keeshond","M",1,1,0,"2018-6-6",117
"Johnathan","Bull Terrier (Miniature)","F",1,1,1,"2017-11-11",41
"Barrett","Border Collie","F",0,0,1,"2018-7-2",59
"Gage","Bleu de Gascogne, Grand","F",0,0,0,"2018-4-16",140
"Suzanne","Beauceron","M",0,1,0,"2018-1-17",131
"Dedrick","Jack Russell Terrier","M",1,1,0,"2018-7-4",60
"Jaquelin","Lakeland Terrier","U",1,1,1,"2017-8-23",19
"Granville","Bedlington Terrier","F",1,0,1,"2017-10-17",149
"Bessie","Blue Lacy","F",0,0,1,"2018-1-23",21
"Darlene","Sloughi","M",1,0,0,"2017-10-20",145
"Elfrieda","Airedale Terrier","F",1,1,1,"2017-9-5",99
"Eunice","Neapolitan Mastiff","U",0,0,1,"2018-2-25",99
"Ola","Belgian Shepherd Dog (Malinois)","F",1,0,1,"2018-1-7",74
"Wava","Volpino Italiano","F",1,0,1,"2018-2-5",59
"Randall","Bedlington Terrier","U",1,0,1,"2018-5-2",5
"Hosea","Moscow Watchdog","F",1,0,1,"2017-10-22",102
"Cedrick","French Spaniel","M",0,0,0,"2018-3-30",31
"Kayli","Billy","M",1,0,1,"2017-12-10",139
"Kevon","Old Croatian Sighthound","M",1,0,1,"2018-2-9",113
"Kristoffer","Perro de Presa Canario","M",1,1,1,"2017-9-17",132
